date,tmax,tmin,tav,数据检测1,数据检测2,相对湿度,风速,降水量
2016/1/1,5.2,-8.5,-1.266666667,0,0,72,1.833333333,0
2016/1/2,-1.3,-7.3,-3.9625,0,0,72.25,1.625,0
2016/1/3,-4,-11.9,-8.2625,0,0,63.125,1.625,0
2016/1/4,-3.9,-14.3,-8.8,0,0,49.5,1.5,0
2016/1/5,-5.8,-16.9,-11.65,0,0,50.375,1.625,0
2016/1/6,-4.2,-16.6,-11.55,0,0,62.375,1.25,0
2016/1/7,-4.5,-18.6,-11.1375,0,0,58.5,1.625,0
2016/1/8,-6.3,-15.6,-11.8375,0,0,60.625,1.125,0
2016/1/9,-2.6,-17.5,-10.9875,0,0,60.875,1.125,0
2016/1/10,-8.7,-17.7,-13.2,0,0,51.875,1.625,0
2016/1/11,-8.9,-20.2,-15.4375,0,0,56.375,1.375,0
2016/1/12,-8.6,-21,-15,0,0,55.375,1.375,0
2016/1/13,-6.6,-16.2,-11.4,0,0,48.125,1.75,0
2016/1/14,-4.8,-17.6,-12.35,0,0,56.625,1.5,0
2016/1/15,-3.5,-14.2,-9.5,0,0,63.125,2.25,0
2016/1/16,-6.9,-12.3,-9.975,0,0,60.625,3.5,0
2016/1/17,-10.7,-16.2,-13.9625,0,0,58,3,0.8
2016/1/18,-15.1,-22.3,-17.8375,0,0,46.625,2.25,0
2016/1/19,-14.1,-23.8,-18.375,0,0,52.125,1.625,0
2016/1/20,-11.2,-22.8,-17.7625,0,0,58.75,1.375,0
2016/1/21,-10,-20.9,-15.625,0,0,54.625,2.25,0
2016/1/22,-13.7,-20,-16.7625,0,0,45.125,2.625,0
2016/1/23,-18.1,-22.8,-20.125,0,0,38.25,2.5,0
2016/1/24,-12.8,-23,-18.4875,0,0,45.25,1.625,0
2016/1/25,-3.7,-21.9,-13.2875,0,0,51.625,1.75,0
2016/1/26,-4.2,-18.2,-11.325,0,0,51.5,1.125,0
2016/1/27,-1.5,-18.6,-10.35,0,0,51,1.625,0
2016/1/28,-2.6,-13.3,-9.05,0,0,47.125,2.5,0
2016/1/29,-7.3,-15.1,-12,0,0,36,2.75,0
2016/1/30,-10.8,-20.5,-15.3875,0,0,43.25,1.75,0
2016/1/31,-8.7,-22.5,-16.2375,0,0,50.375,1.25,0
2016/2/1,-5.2,-20.6,-13.6875,0,0,51.625,1.25,0
2016/2/2,-2.9,-18.4,-11.75,0,0,53.75,1.375,0
2016/2/3,1.2,-17.5,-7.1375,0,0,43.875,2.125,0
2016/2/4,-1.8,-10.2,-6.425,0,0,34,2.125,0
2016/2/5,-3.5,-15.8,-9.8625,0,0,55.25,1.125,0
2016/2/6,-2.7,-17,-10.625,0,0,56.125,1,0
2016/2/7,2.7,-14.9,-6.0375,0,0,61.5,2.25,0
2016/2/8,0,-10.2,-4.7,0,0,54.125,1.125,0
2016/2/9,2.7,-15.1,-6.3625,0,0,57,1.375,0
2016/2/10,8.4,-9,-1,0,0,51.375,1.875,0
2016/2/11,12.6,-4,4.25,0,0,62,2.125,0.2
2016/2/12,7.2,1,4.45,0,0,87.375,1.75,4
2016/2/13,-0.5,-6.7,-4.025,0,0,67.75,5.25,5.8
2016/2/14,-8.9,-15.3,-11.5625,0,0,47.375,3.875,0
2016/2/15,-4.4,-18.8,-10.0125,0,0,55.75,3,0
2016/2/16,0,-9,-3.7,0,0,53.5,2.5,0
2016/2/17,4.3,-11.6,-1.7,0,0,48.25,3.625,0
2016/2/18,3.1,-6.8,-1.175,0,0,49.875,2.375,0
2016/2/19,1.7,-8.2,-2.325,0,0,36.5,1.875,0
2016/2/20,-0.6,-11.7,-4.8625,0,0,32.5,2.75,0
2016/2/21,-3.1,-10.9,-7.3625,0,0,34.125,1.375,0
2016/2/22,0.1,-8.9,-3.85,0,0,62.25,2.625,2
2016/2/23,-5.4,-17.3,-10.475,0,0,48.25,1.875,0
2016/2/24,-1.1,-18.7,-9.325,0,0,65,1.375,0
2016/2/25,-2.8,-13.3,-7.4,0,0,43.42857143,1.428571429,0
2016/2/26,1.2,-12.3,-4.575,0,0,48.25,2.125,0
2016/2/27,1.6,-9.6,-4.0125,0,0,48.5,1.75,0
2016/2/28,-0.6,-13.1,-6.1625,0,0,60.25,2.625,0
2016/2/29,-3.9,-11,-7.3,0,0,44.625,2.625,0.2
2016/3/1,4.7,-8.4,-1.4625,0,0,49.25,3.25,0
2016/3/2,9.9,-3.6,2.2375,0,0,47.75,1.875,0
2016/3/3,9.6,-2,2.7125,0,0,63.125,2.25,0
2016/3/4,13.2,-1.6,5.775,0,0,79.625,1.875,0
2016/3/5,4.6,-2.5,1.9375,0,0,80.25,1.875,7
2016/3/6,6.9,-4,2.1625,0,0,62.125,1.5,0
2016/3/7,2.2,-3.9,-1.1625,0,0,68.875,2.125,0.3
2016/3/8,-1.2,-6.5,-3.5875,0,0,32.625,3.75,0.2
2016/3/9,-1.2,-6.8,-4.25,0,0,35,2.625,0
2016/3/10,-1.1,-6.8,-4.125,0,0,31.625,3.375,0
2016/3/11,1.2,-9.8,-3.725,0,0,51,1.625,0
2016/3/12,8.6,-9.1,0.825,0,0,48.625,3,0
2016/3/13,3.6,-6.1,-1.125,0,0,33.75,2,0
2016/3/14,9.2,-9.1,1.6375,0,0,42.625,2.5,0
2016/3/15,14.6,-5,5.7375,0,0,47.25,3.625,0
2016/3/16,14.1,4.5,8.9125,0,0,43.625,4,0
2016/3/17,13.4,3.4,8.1125,0,0,54.75,4,0
2016/3/18,14.4,6.4,10.075,0,0,46.875,3.5,0
2016/3/19,9.8,1.3,5.3625,0,0,41.125,3.125,0
2016/3/20,12.1,-3.6,3.9625,0,0,43.5,1.875,0
2016/3/21,17.3,-3.9,7.9375,0,0,43.875,3.5,0
2016/3/22,10.4,2.3,6.05,0,0,50.75,4.375,0
2016/3/23,7.7,-2.1,3.375,0,0,36.25,2.625,0
2016/3/24,8.3,-6.1,2.825,0,0,40.25,2.5,0
2016/3/25,10.7,-6,3.0625,0,0,41.375,1.625,0
2016/3/26,13.8,-4,5.075,0,0,44.375,1.375,0
2016/3/27,17.9,-3,7.8875,0,0,41.75,1.875,0
2016/3/28,19.3,1.5,11.175,0,0,32.125,3.125,0
2016/3/29,14.9,5.7,10.6,0,0,35.375,2.125,0
2016/3/30,14.6,-1.8,7.0875,0,0,38.25,1.25,0
2016/3/31,21.9,8.9,15.8,0,0,34,4.75,0
2016/4/1,14.2,8.4,11.4875,0,0,59,3,13
2016/4/2,12.7,3.3,9.15,0,0,37.625,2.25,0
2016/4/3,14.4,0.6,8.7,0,0,33.75,2.5,0
2016/4/4,18.7,0.2,11.2125,0,0,31.5,3.75,0
2016/4/5,15.2,6.7,10.55,0,0,33.75,1.875,0
2016/4/6,20.4,6.3,13.975,0,0,33.25,4.625,0
2016/4/7,15.1,3.7,11.3,0,0,24.875,3.5,0
2016/4/8,19,1.1,11.55,0,0,21,5.875,0
2016/4/9,10.6,4.5,7.3625,0,0,13.125,4.125,0
2016/4/10,8.9,3.4,6.242857143,0,0,20.14285714,3.142857143,0
2016/4/11,14.4,-4.2,7.3375,0,0,27.25,2.25,0
2016/4/12,11.3,7.3,9.225,0,0,67.5,2.625,19.2
2016/4/13,14.7,6.2,9.8125,0,0,83.625,2.625,0
2016/4/14,13.8,4.5,9.6875,0,0,62.875,2.25,0
2016/4/15,20.6,2.8,13.2625,0,0,47.375,2.875,0
2016/4/16,16.6,8.6,12.4875,0,0,67.375,2.5,1.1
2016/4/17,8.7,3.2,6.85,0,0,81.875,2.25,9.4
2016/4/18,12.4,-0.9,6.5375,0,0,76.75,2.125,3
2016/4/19,19.2,4.2,11,0,0,62.875,4.25,0.4
2016/4/20,20.7,7.5,14,0,0,60.875,2.625,5.6
2016/4/21,22.9,10.3,16.5625,0,0,57.125,4.25,0
2016/4/22,17.2,8.1,14.05,0,0,20.125,3.25,0
2016/4/23,17.5,4.6,11.2875,0,0,29.25,3,0
2016/4/24,23.5,1.5,14.875,0,0,28.625,4.5,0
2016/4/25,17.9,10.9,13.825,0,0,45,3,0
2016/4/26,17.9,9.1,13.075,0,0,58.5,2.75,0
2016/4/27,20.9,8.8,15.4625,0,0,49.375,3,0
2016/4/28,18.9,10.7,15.1625,0,0,29.625,3.25,0
2016/4/29,20.1,2.7,12.075,0,0,52.875,1.375,0.5
2016/4/30,21.2,7.8,14.5,0,0,65.25,1.625,0.6
2016/5/1,23.5,14.7,19.4375,0,0,62.125,3.875,0
2016/5/2,23.5,13.8,18.3625,0,0,59.5,3.5,0
2016/5/3,11.5,7.5,9.8,0,0,90.5,6.875,80
2016/5/4,20.3,6.8,12.3125,0,0,61.75,3.875,21.6
2016/5/5,19.7,4.9,13.2375,0,0,67.875,2.25,0
2016/5/6,19.6,10.6,15.525,0,0,52.875,3.125,0
2016/5/7,21.1,9,15.5375,0,0,44.375,2.25,0
2016/5/8,24.5,5.7,17.1375,0,0,41.25,4.125,0
2016/5/9,23.4,14.1,18.725,0,0,42.75,1.75,0
2016/5/10,24.9,9.9,17.7125,0,0,54.75,1.625,0
2016/5/11,25.9,8.7,19.5875,0,0,44.75,4,0
2016/5/12,18.4,6,12.4,0,0,75.75,2.375,32
2016/5/13,21.5,3.1,14,0,0,56,3.125,0
2016/5/14,17.6,9.5,13.275,0,0,63,2,2
2016/5/15,16.8,8.7,12.2875,0,0,75.25,2,21.4
2016/5/16,23.1,5.2,15.1,0,0,49,1.875,0
2016/5/17,28.1,9.4,20.7875,0,0,47,4.375,0
2016/5/18,29.2,18.2,23.325,0,0,38.75,4.25,0
2016/5/19,28.2,13,21.375,0,0,41.125,2.875,0
2016/5/20,27.9,11.2,21.175,0,0,39.125,2.875,0
2016/5/21,28.1,10.1,20.1375,0,0,45.75,1.625,0
2016/5/22,26.4,16.3,21.525,0,0,39.875,2.25,0
2016/5/23,23.5,13.4,16.95,0,0,72.125,1.625,7
2016/5/24,21.3,13.2,17.1625,0,0,68.25,4.25,10.1
2016/5/25,22.5,14.9,18.2375,0,0,65.25,2.875,3
2016/5/26,24.3,12.2,18.2625,0,0,57.875,2.125,0
2016/5/27,27.3,10.6,20.6625,0,0,46.25,3.5,0
2016/5/28,28.1,11.1,22.325,0,0,40.25,4.375,0
2016/5/29,24.5,12.4,19.85,0,0,32.25,2.25,0
2016/5/30,28,9.5,21.4,0,0,35.625,3.5,0
2016/5/31,24.4,12.8,18.7375,0,0,38.125,1.875,0
2016/6/1,28.6,9.9,19.975,0,0,50.625,1.625,0
2016/6/2,31.1,12.7,23.475,0,0,43.375,3.375,0
2016/6/3,29.2,14.9,23.725,0,0,40.25,4.25,0
2016/6/4,27.5,17.1,22.425,0,0,46.75,2.875,0
2016/6/5,29.6,13,22.8125,0,0,53.125,2.625,0
2016/6/6,28.4,15.2,22.95,0,0,54.125,3.125,0
2016/6/7,25,15.8,19.875,0,0,57.5,1.625,0.4
2016/6/8,29.2,12.9,21.85,0,0,55.625,2,0
2016/6/9,30.9,15.1,24.55,0,0,46.25,3.125,0
2016/6/10,24.8,18.9,22.3,0,0,53.125,3.625,0
2016/6/11,19.8,14.8,17.875,0,0,90.875,1.375,55.9
2016/6/12,26.3,12.9,19.0875,0,0,75.875,1.375,0
2016/6/13,28.6,14.3,21.4875,0,0,66.25,1.625,0
2016/6/14,25.3,14.7,19.4125,0,0,75.375,2,0.2
2016/6/15,23.4,16.6,19.95,0,0,77.875,1.875,5
2016/6/16,27.3,14.8,21.775,0,0,71.625,2,0
2016/6/17,23.9,17.3,21.1125,0,0,80.375,1.375,0
2016/6/18,27.8,19.7,22.6875,0,0,74.75,3.25,0.8
2016/6/19,27.7,19,22.9875,0,0,68.625,2.25,6
2016/6/20,29.6,17,23.9875,0,0,69.125,2,0
2016/6/21,26.7,20.5,23.2625,0,0,73,2.125,8.4
2016/6/22,28,20.1,23.325,0,0,80,1.75,33
2016/6/23,25.7,17.5,22.2375,0,0,81.375,2.625,0.2
2016/6/24,25,17,20.6875,0,0,65.75,2.5,17.5
2016/6/25,26.4,18.5,21.025,0,0,73.25,1.75,4
2016/6/26,29.9,17.8,23.8375,0,0,66.875,1.5,0
2016/6/27,27.9,17.8,22.9625,0,0,71.75,1.5,0
2016/6/28,28.7,18.1,23.6,0,0,70.75,1.875,0
2016/6/29,23.1,18.7,20.9625,0,0,84.5,1.75,4.2
2016/6/30,27.3,19,22.6375,0,0,84.125,2.375,40.1
2016/7/1,26,18.4,22.625,0,0,75.125,1.75,0.1
2016/7/2,28.6,19,23.7,0,0,64.5,1.375,0
2016/7/3,31.2,16.3,24.5375,0,0,67.5,1.625,0
2016/7/4,31.6,19.7,26.0625,0,0,71.5,1.125,0
2016/7/5,30.1,21.6,25.4625,0,0,69,1.625,0
2016/7/6,29.3,18.4,24.8125,0,0,72.125,2.25,0
2016/7/7,30.1,20.5,25.85,0,0,67.75,2.625,0
2016/7/8,30.5,20.4,26.125,0,0,66,2.625,0
2016/7/9,31.5,20.4,26.525,0,0,74.625,1.625,0
2016/7/10,33.1,21.6,28.05,0,0,70.625,2.25,0
2016/7/11,33.2,22.1,28.5625,0,0,65.625,2.625,0
2016/7/12,29.4,21,24.7875,0,0,79,1.75,9
2016/7/13,29.2,21,24.7625,0,0,70.875,1.875,0.5
2016/7/14,29,21.2,25.0125,0,0,60.125,3.5,0
2016/7/15,26.8,20,23.1125,0,0,63.375,1.5,0
2016/7/16,24.2,20.8,22.125,0,0,82.875,1.25,0.2
2016/7/17,26.8,18.9,22.5875,0,0,81.75,1.75,0
2016/7/18,30.1,16.7,24.1,0,0,72.5,1.375,0
2016/7/19,31.2,19.6,25.4875,0,0,70.875,1.5,0
2016/7/20,29.3,20,24.9375,0,0,78.5,1.25,0
2016/7/21,23.3,22.1,22.5375,0,0,97.625,2.125,87.2
2016/7/22,27.5,22.5,24.425,0,0,94.875,1.25,35.1
2016/7/23,31.1,24.6,27.5625,0,0,81.5,2.375,0.1
2016/7/24,31.4,25.1,28.1125,0,0,81.75,1.875,0
2016/7/25,29.3,21.4,25.9125,0,0,92.75,1.75,74
2016/7/26,24.4,18.8,21.1,0,0,91.75,1.25,102.2
2016/7/27,30.6,19.4,24.8375,0,0,84.375,1.125,0
2016/7/28,31.5,21.7,26.975,0,0,83.5,2,0
2016/7/29,29.6,21.7,25.225,0,0,87.25,1.375,32
2016/7/30,32.1,22.3,27.2375,0,0,82.875,1.125,0
2016/7/31,26.9,22.5,24.7625,0,0,91.875,1.375,40
2016/8/1,29.7,21.6,24.3625,0,0,88.5,1,4
2016/8/2,31.5,21.1,26.1,0,0,83.375,1.375,0
2016/8/3,32.7,22.9,28.075,0,0,80.375,0.875,0
2016/8/4,33.8,23.5,28.925,0,0,81.125,1.125,0
2016/8/5,34.3,25.6,30.1625,0,0,70.5,1.5,0
2016/8/6,32.5,24.1,28.75,0,0,70.625,3,0
2016/8/7,26.3,20.4,23.8625,0,0,84.75,2.25,8.3
2016/8/8,30,18.9,24.1625,0,0,67.125,2.5,0
2016/8/9,30.7,16.6,24.8375,0,0,68.625,1.875,0
2016/8/10,32.2,23.5,28.3375,0,0,77.5,3.25,0
2016/8/11,33.3,26.3,29.4125,0,0,72,4,0
2016/8/12,32.8,26.8,29.05,0,0,79.25,2.75,0
2016/8/13,32.6,26.8,28.9875,0,0,78.875,2.25,0
2016/8/14,32.2,21,27.3625,0,0,65.75,1.625,0
2016/8/15,29.6,18.3,23.6875,0,0,79.75,1,0
2016/8/16,30.9,17.9,24.8875,0,0,71.375,1.25,0
2016/8/17,30.9,19.1,25.075,0,0,74.875,1.125,0
2016/8/18,25.1,20.1,22.2,0,0,91.125,1.25,3.3
2016/8/19,23.8,20.4,21.775,0,0,94,1.875,4.2
2016/8/20,29.7,19.9,24.9,0,0,78,1.75,0
2016/8/21,31.1,20,24.9875,0,0,73.5,1.625,0
2016/8/22,30,18,24.2375,0,0,68,1.75,0
2016/8/23,28.8,18.4,23.5125,0,0,77.125,1,0
2016/8/24,26.7,22.1,24.15,0,0,79.5,1.125,0
2016/8/25,22.1,13.8,19.3625,0,0,76.5,2.875,2.5
2016/8/26,26.8,10.4,18.15,0,0,67,1.25,0
2016/8/27,27.3,12.4,20.0625,0,0,65.125,1.25,0
2016/8/28,28,13.2,21.5,0,0,60.375,1.875,0
2016/8/29,26.5,16.4,21.8375,0,0,58.625,3.625,0
2016/8/30,21.5,14.8,17.475,0,0,70.5,4.5,2
2016/8/31,15.7,14,14.8875,0,0,95,3.125,45
2016/9/1,18.7,15,16.775,0,0,93.625,3,5.2
2016/9/2,26,16.6,21.0125,0,0,80.375,1.25,0
2016/9/3,26.4,17.8,21.025,0,0,89.625,1.25,9
2016/9/4,25.9,19.4,22.325,0,0,84.25,1.125,1.1
2016/9/5,27.6,17.7,22.2875,0,0,80.5,2.125,0
2016/9/6,26.6,18.4,21.95,0,0,80.5,1.625,0
2016/9/7,27.7,17.4,20.3625,0,0,87,1.125,9
2016/9/8,25.3,16.1,19.8875,0,0,86,0.875,0.3
2016/9/9,26.7,15.6,20.1125,0,0,85.125,2,1
2016/9/10,24.8,15.2,19.775,0,0,80.875,1.625,0.2
2016/9/11,24.2,15.4,19.4625,0,0,82.25,1,0
2016/9/12,22.9,16.2,18.85,0,0,90.625,0.875,6.6
2016/9/13,25.8,15.2,18.9625,0,0,84.75,1.125,0
2016/9/14,26.7,14.7,20.975,0,0,81.375,1.625,0
2016/9/15,25.3,19.2,21.9125,0,0,80.75,2,0
2016/9/16,26.8,16.1,22.225,0,0,63.75,2,0
2016/9/17,23.6,15.1,18.625,0,0,68.25,2.5,0
2016/9/18,22.4,11.8,17.2125,0,0,59.5,2,0
2016/9/19,23.2,8.1,15.05,0,0,67.25,1.625,0
2016/9/20,24.7,8.2,15.625,0,0,69.375,1,0
2016/9/21,25.5,8.4,16.9625,0,0,66.5,1.5,0
2016/9/22,23.5,10.1,17.325,0,0,73.125,1.5,0
2016/9/23,19.5,15,16.95714286,0,0,92.57142857,1.285714286,3
2016/9/24,26.3,15.3,21.8375,0,0,70.25,3.25,0
2016/9/25,24.6,15.6,19.9875,0,0,59.625,1.625,0
2016/9/26,26.3,16.8,21.0625,0,0,78,1.75,0
2016/9/27,19.9,8.4,13.9,0,0,81.25,3,1.1
2016/9/28,15.6,4.5,10.1875,0,0,61,2.125,0
2016/9/29,19.3,3.2,11.1875,0,0,61.375,1.625,0
2016/9/30,25,6.6,15.325,0,0,69.5,1.625,0
2016/10/1,26,9.8,18.375,0,0,62.875,3.125,0
2016/10/2,22.9,12.3,17.6625,0,0,73.875,1.5,0
2016/10/3,19.9,7.2,14.925,0,0,73.5,3.625,0.1
2016/10/4,14.5,6.3,10.5,0,0,75.5,2.75,0
2016/10/5,11.7,7.7,9.4875,0,0,81.5,2.25,6
2016/10/6,16.3,1.5,8.4375,0,0,73.5,1.125,0
2016/10/7,14.4,7.5,10.5625,0,0,84.125,1.75,2
2016/10/8,11.1,7,8.65,0,0,68.75,3.25,6.2
2016/10/9,12.3,-0.3,5.9,0,0,63.875,1.75,0
2016/10/10,14.7,3,9.9125,0,0,72.625,2.375,5
2016/10/11,13.1,1.6,7.225,0,0,68.375,1.875,20
2016/10/12,15.9,-0.8,7.2,0,0,72.75,1.625,0
2016/10/13,18.1,7.9,12.425,0,0,81.375,0.875,0
2016/10/14,22.8,10.3,15.675,0,0,77.25,2,0
2016/10/15,24.6,10.3,17.6625,0,0,63.25,2.375,0
2016/10/16,16.7,11.9,14.725,0,0,89.125,2.125,1.2
2016/10/17,15.6,2.7,10.6375,0,0,54.375,2.125,0
2016/10/18,20,0.3,9.875,0,0,69.125,1.5,0
2016/10/19,19.9,7.1,13.225,0,0,68.375,2.75,0
2016/10/20,10.9,4,7.2,0,0,58.125,3,0
2016/10/21,14.3,5.3,8.775,0,0,58.75,1.875,0
2016/10/22,5.2,1.7,3.2625,0,0,74.375,3.875,7
2016/10/23,12,-0.2,4.9125,0,0,56.5,2.375,0
2016/10/24,14.3,-2.1,6.4875,0,0,64.75,0.875,0
2016/10/25,16,6.3,10.3,0,0,65.5,1.375,0
2016/10/26,8.6,-2.6,4.0125,0,0,41,2.625,0
2016/10/27,12.1,-3.3,4.65,0,0,58.75,1.125,0.1
2016/10/28,9.1,-1.4,4.9625,0,0,58,1.625,6.4
2016/10/29,6.1,-5.2,-0.225,0,0,58,1.375,0
2016/10/30,5.8,-4.1,0.875,0,0,76.875,1.5,14
2016/10/31,-0.3,-7.6,-3.475,0,0,41.125,2.125,0
2016/11/1,3.6,-10,-3.5375,0,0,62.625,1.375,0
2016/11/2,9.3,-7.9,1.2,0,0,65.375,1.625,0.1
2016/11/3,8.4,-4.2,2.2875,0,0,58,1.25,0.1
2016/11/4,13.9,2.5,8.425,0,0,73.625,2.125,0
2016/11/5,10.7,-0.3,4.3,0,0,71.375,3.625,0
2016/11/6,6.9,-1.7,1.55,0,0,43.25,3.25,0
2016/11/7,-0.9,-4.1,-2.8625,0,0,70.875,2.875,3.1
2016/11/8,-0.9,-9.2,-4.877777778,0,0,70.66666667,1.444444444,0
2016/11/9,2.4,-10.8,-2.7375,0,0,65.875,1.125,0
2016/11/10,7.5,2.9,4.925,0,0,69.75,2.875,0.8
2016/11/11,4.8,-0.3,2.225,0,0,69.625,1.375,6
2016/11/12,5.7,-2.3,1.0875,0,0,74.375,1.5,0
2016/11/13,15.2,-2,6.4375,0,0,63.875,2.125,0.1
2016/11/14,10.9,-2,5.325,0,0,46.5,4.375,0
2016/11/15,1.7,-6.6,-2.95,0,0,48.625,1.25,0
2016/11/16,7.1,-4.6,1.475,0,0,58.875,2.125,0
2016/11/17,9.2,-6.5,2.475,0,0,73.625,1.875,0
2016/11/18,12.7,0.9,8.2375,0,0,76.5,2.625,0.2
2016/11/19,-0.2,-5.6,-3.7125,0,0,86.875,2.875,2.1
2016/11/20,-2.8,-9.7,-5.0375,0,0,72.625,1,0
2016/11/21,-4.9,-8.7,-6.6625,0,0,50.75,2.625,0
2016/11/22,-6.7,-11.2,-9.6375,0,0,44.875,2.25,0
2016/11/23,-4.9,-15,-10.1375,0,0,65.75,1.125,0
2016/11/24,-0.5,-14.5,-8.075,0,0,63.625,1.125,0
2016/11/25,5.2,-10.6,-2.575,0,0,61.25,1.625,0
2016/11/26,4.1,-2.8,2.3375,0,0,69.25,2.75,0
2016/11/27,-1,-10.8,-4.9375,0,0,64.5,2.125,0
2016/11/28,3.9,-13,-5.1625,0,0,68.5,1.5,0
2016/11/29,2.8,-5.9,-2.375,0,0,54.375,1.625,0
2016/11/30,2.7,-2,0.9375,0,0,78.125,2.875,2.3
2016/12/1,0.3,-7,-2.025,0,0,47.25,3.125,0.2
2016/12/2,8.5,-5,0.175,0,0,58,1.75,0
2016/12/3,9.5,-3.3,4.1125,0,0,70.25,2.625,0
2016/12/4,4.5,-1.6,2.375,0,0,70,2.625,0
2016/12/5,-2.6,-8.4,-4.7375,0,0,47.75,3,0
2016/12/6,1.6,-13,-4.875,0,0,59,1.5,0
2016/12/7,-4.1,-11.4,-8.225,0,0,75,1.5,0
2016/12/8,-0.6,-11.4,-5.0875,0,0,83,2.375,10
2016/12/9,-5.3,-19,-13.0375,0,0,78.5,0.75,0
2016/12/10,-1.7,-19.5,-12.175,0,0,77.25,1,0
2016/12/11,1.8,-14.8,-5.9875,0,0,69.375,1.75,0
2016/12/12,1.9,-17.1,-4.1375,0,0,80,1.625,1
2016/12/13,-6.3,-18.2,-11.3625,0,0,69.625,2,0
2016/12/14,-9.1,-19.6,-14.5125,0,0,72.125,1.375,0
2016/12/15,-9.7,-21.5,-16.8,0,0,80.25,1.125,0
2016/12/16,-1.5,-21.8,-11.45,0,0,72,1.125,0
2016/12/17,2.6,-9,-2.7375,0,0,75.5,1.5,0
2016/12/18,6.9,-5.2,-1.25,0,0,87.875,0.625,0
2016/12/19,2.6,-1,0.9875,0,0,90.625,0.5,0
2016/12/20,2.5,-2.9,0.0375,0,0,84.75,1.25,0
2016/12/21,-0.4,-7.5,-2.8125,0,0,86.125,2.875,0
2016/12/22,-9.1,-11,-9.975,0,0,77.5,3.25,0.9
2016/12/23,-8.8,-18.1,-12.0125,0,0,75,2.25,1.5
2016/12/24,-5.6,-19.7,-13.375,0,0,78.875,1.375,0
2016/12/25,3,-7.9,-0.7125,0,0,65.75,2,0
2016/12/26,-3.3,-13.5,-8.9375,0,0,56.625,4,1
2016/12/27,-9.4,-19.7,-15.3375,0,0,64.25,1.25,0
2016/12/28,-3.2,-21.1,-10.4125,0,0,56.75,2.5,0
2016/12/29,-7.1,-14.7,-10.8125,0,0,49.5,1.625,0
2016/12/30,1.2,-16.5,-7.5625,0,0,68.25,1.625,0
2016/12/31,2.2,-4.3,-0.9625,0,0,73.75,1.875,0
2017/1/1,3.8,-1,1.25,0,0,78.125,2.375,0
2017/1/2,1.3,-10.5,-3.8125,0,0,71.5,2.375,0
2017/1/3,5.1,-11.1,-3.55,0,0,78.5,2.125,0
2017/1/4,2.3,-9.9,-4.2375,0,0,69.875,1.375,0
2017/1/5,2.1,-9.7,-4.9625,0,0,59.5,1.5,0
2017/1/6,6,-10.2,-3.0125,0,0,60.875,1.375,0
2017/1/7,0.5,-6.2,-3.3375,0,0,73.75,1.5,0
2017/1/8,-3.3,-8.5,-4.7875,0,0,86.5,1.125,1
2017/1/9,-4.3,-12.5,-7.375,0,0,44.625,1.75,0
2017/1/10,-7.2,-12.3,-10.075,0,0,39.75,2.875,0
2017/1/11,-6.5,-19.2,-13.7875,0,0,59.25,1,0
2017/1/12,-9,-19.1,-12.325,0,0,44.625,2.375,0
2017/1/13,-9.3,-12.7,-11.3125,0,0,37.375,2.5,0
2017/1/14,-8.2,-18,-12.1875,0,0,50,1.625,0
2017/1/15,-5.3,-20.6,-14.1375,0,0,65.125,0.75,0
2017/1/16,-4.2,-17.5,-11.2875,0,0,59.75,1.75,0
2017/1/17,-4.1,-17.6,-9.975,0,0,66.5,1,0
2017/1/18,-6.9,-15.2,-10.85,0,0,77.875,0.625,0
2017/1/19,-7.3,-15.8,-10.925,0,0,65.25,2.375,0
2017/1/20,-9.4,-17.6,-13.8625,0,0,52.625,1.875,0
2017/1/21,-5.8,-18.3,-11.6625,0,0,53.875,3,0
2017/1/22,-11,-18.9,-14.05,0,0,67.625,1.625,0
2017/1/23,-8.6,-21.7,-15.75,0,0,63,1.375,0
2017/1/24,-5.5,-19.3,-14.1,0,0,61.5,1.25,0
2017/1/25,-0.2,-17.9,-9.4,0,0,60.375,1.5,0
2017/1/26,2.8,-6.2,-1.2,0,0,58,5.375,4
2017/1/27,-3.1,-15.1,-8.7625,0,0,54.25,1.625,0
2017/1/28,0.3,-9.6,-3.975,0,0,71.375,1.75,0.5
2017/1/29,-1.8,-12.5,-8.075,0,0,68.125,2.75,0.7
2017/1/30,-8.7,-18.8,-13.6375,0,0,57.625,1.625,0
2017/1/31,0.2,-19.6,-8.8875,0,0,50.125,2.25,0
2017/2/1,-6.2,-13.6,-9.75,0,0,37.625,2.875,0
2017/2/2,3.1,-12.3,-4.5375,0,0,62.125,2,0
2017/2/3,4.4,-12.2,-4.725,0,0,66.75,1.5,0
2017/2/4,3.5,-2.4,1.1,0,0,75,1.75,0.1
2017/2/5,0.1,-5.8,-2.8625,0,0,59.625,2.75,0
2017/2/6,-2.8,-11.4,-6.7875,0,0,50.5,2,0
2017/2/7,-3.9,-11.8,-7.6625,0,0,56.75,1.625,0
2017/2/8,-2.4,-13,-7.1125,0,0,53.25,2.125,0
2017/2/9,-6.2,-11,-8.6125,0,0,49.75,2.75,0
2017/2/10,-4.8,-12.1,-8.8,0,0,50.5,2.625,0
2017/2/11,-2.8,-11.4,-7.8375,0,0,49.375,1.75,0
2017/2/12,0.2,-14.3,-7.6375,0,0,57.75,1,0
2017/2/13,0.5,-12.3,-6.5125,0,0,57.75,1.5,0
2017/2/14,3.1,-11.4,-4.525,0,0,58.125,1.25,0
2017/2/15,6.7,-5.7,2.4,0,0,55.5,3.125,0
2017/2/16,6.2,-5.5,-0.575,0,0,56.5,3.625,1.8
2017/2/17,-2.9,-9.4,-6.8875,0,0,35.375,2.875,0
2017/2/18,-2.7,-12.1,-7.15,0,0,47.375,1.5,0
2017/2/19,1.8,-9.3,-2.4125,0,0,62.25,3.125,3.1
2017/2/20,-4.6,-13.3,-9.4375,0,0,52.25,2.625,0
2017/2/21,0.4,-14.9,-6.6875,0,0,60.75,1.5,0
2017/2/22,-0.5,-6,-2.7125,0,0,77.375,3,14.2
2017/2/23,-2.4,-12,-6.5125,0,0,49.125,2.625,0
2017/2/24,2.7,-17.7,-6.125,0,0,66.125,1.375,0
2017/2/25,3.5,-8.6,-2.5875,0,0,62,1.25,0
2017/2/26,4.8,-9,-2.225,0,0,69,1,0
2017/2/27,9.7,-6.9,1.7,0,0,62.125,2.25,0
2017/2/28,9,-1.1,3.5875,0,0,71.125,1.5,0
2017/3/1,-0.9,-7.8,-3.15,0,0,38.25,2.75,0
2017/3/2,4.4,-10.6,-2.3125,0,0,54.75,1.75,0
2017/3/3,6,-5.6,0.6875,0,0,49,1.625,0
2017/3/4,9,-4,2,0,0,51.5,2.75,0
2017/3/5,-0.3,-7.4,-4.0625,0,0,52.125,2.875,0
2017/3/6,-0.9,-8.4,-4.25,0,0,35,3.375,0
2017/3/7,0.9,-8.9,-4.0625,0,0,41.125,2.5,0
2017/3/8,4.9,-9.5,-1.65,0,0,50.875,2.125,0
2017/3/9,6.6,-4.3,0.3875,0,0,43,2.25,0
2017/3/10,10.3,-4.6,2.25,0,0,47.25,1,0
2017/3/11,14.1,-2,6.6125,0,0,46.375,2.625,0
2017/3/12,6.4,-2.2,2.525,0,0,41.375,2.125,0
2017/3/13,7.2,-2.5,2.0875,0,0,35.125,1.75,0
2017/3/14,8.1,-6.9,0.9875,0,0,47.375,1,0
2017/3/15,10.4,-5.9,1.675,0,0,51.125,1.25,0
2017/3/16,14.1,-5,4.275,0,0,47,1.125,0
2017/3/17,14.7,-1.6,7.1375,0,0,49.25,2.5,0
2017/3/18,13.6,1.8,7.3125,0,0,53.875,1,0
2017/3/19,14.7,-3.2,5.4,0,0,57.375,1.375,0
2017/3/20,6.4,-3,3.0625,0,0,40.875,2.5,0.3
2017/3/21,9.5,-6.2,2.5375,0,0,48.875,1.625,0
2017/3/22,10.9,-2.6,4.8125,0,0,40.125,2.25,0
2017/3/23,10.9,-5.3,2.975,0,0,43.625,1.375,0
2017/3/24,10.5,-4.8,3.5,0,0,44.5,1.25,0
2017/3/25,11.9,-4,4.75,0,0,45.375,1.5,0
2017/3/26,10.8,-1.3,4.2875,0,0,62.375,1.375,0
2017/3/27,11.9,-0.9,4.55,0,0,59.375,1.375,0
2017/3/28,14.7,-2.1,7.075,0,0,45.375,3,0
2017/3/29,16.2,5.1,9.725,0,0,50.875,4.875,0
2017/3/30,13.1,2.9,8.25,0,0,45.25,2.625,0
2017/3/31,12.7,-1.8,6.7,0,0,37.625,1.875,0
2017/4/1,15.3,-3,6.4625,0,0,42.25,1.75,0
2017/4/2,19.8,-2.5,9.9375,0,0,38.375,2.625,0
2017/4/3,23.3,0.5,13.3875,0,0,32.625,2.5,0
2017/4/4,23.6,5.9,15.5375,0,0,36.5,3.25,0
2017/4/5,17.1,8.8,13.0375,0,0,47.5,2.375,0
2017/4/6,11.7,3.3,8.6125,0,0,81.125,2.25,0.3
2017/4/7,18.5,7.2,13.125,0,0,65.375,3.125,0
2017/4/8,16,4.2,10.95,0,0,34.125,2.875,0
2017/4/9,15.6,4.3,10.075,0,0,22.25,2,0
2017/4/10,20.4,3.6,13.1875,0,0,28.875,3.625,0
2017/4/11,13,2.4,9.5625,0,0,18.875,4,0
2017/4/12,12.4,2,7.5875,0,0,19.375,2.375,0
2017/4/13,21.3,-1.4,12.3375,0,0,24.75,4.125,0
2017/4/14,21.9,10.5,15.7375,0,0,54.125,4,0
2017/4/15,25.5,5.6,16.35,0,0,57.5,2.625,0
2017/4/16,22.1,7.7,15.55,0,0,38.125,2,0
2017/4/17,20.7,12.2,15.55,0,0,62.125,2.875,4.1
2017/4/18,14.6,9.7,12.6875,0,0,46.625,3.5,4
2017/4/19,16.2,1.2,10.075,0,0,49.75,2.125,0
2017/4/20,17.3,9.8,13.1,0,0,49.125,3.125,0.3
2017/4/21,20.1,1.8,12.7375,0,0,47.875,1.75,0
2017/4/22,24,9.7,17.2625,0,0,27.875,4.625,0
2017/4/23,13.6,4.1,8.9375,0,0,62.5,2.25,4
2017/4/24,12.3,3.2,7.5875,0,0,79.75,1.75,0.4
2017/4/25,16.1,3.3,11.075,0,0,39.125,2.25,0
2017/4/26,16.8,4.3,11.4375,0,0,38.5,2.625,0
2017/4/27,22.7,2.6,14.5125,0,0,35,2.5,0
2017/4/28,20.7,5.1,13.8,0,0,38.25,2.125,0
2017/4/29,28.6,3.9,18.725,0,0,36.125,4,0
2017/4/30,22.1,9.3,17.625,0,0,22.375,2.625,0
2017/5/1,26.9,4.8,17.075,0,0,32.875,1.875,0
2017/5/2,30.1,6.2,20.1625,0,0,28.875,3.125,0
2017/5/3,27.4,8.9,19.725,0,0,42.75,3.5,0
2017/5/4,18.1,14.4,15.5625,0,0,74.875,2.875,4.1
2017/5/5,19.2,8.2,12.3875,0,0,79.375,3.375,10
2017/5/6,16.4,8.1,13.025,0,0,25.5,5.25,0
2017/5/7,23.7,2.8,16.075,0,0,34.125,4,0
2017/5/8,28.9,8.5,21.15,0,0,38.875,1.75,0
2017/5/9,22.2,14.4,18.525,0,0,53.625,3.875,0
2017/5/10,24.6,9.9,18.7875,0,0,53.75,4,0
2017/5/11,26.8,12.4,18.1,0,0,63.5,2.75,15
2017/5/12,21.5,7.4,15.6625,0,0,46.875,2.125,0
2017/5/13,21.6,9.4,15.5375,0,0,49,3.375,0
2017/5/14,16.9,11.5,13.5125,0,0,61.75,3.5,0.8
2017/5/15,21.2,11,16.2,0,0,64.5,2.25,1.2
2017/5/16,26.3,8.7,18.0625,0,0,53,1.875,0
2017/5/17,28.7,10.2,21.025,0,0,53.375,3,0
2017/5/18,31.3,20.1,25.65,0,0,43.25,5.875,0
2017/5/19,32.8,20.7,26.8625,0,0,45.375,3.875,0
2017/5/20,32.1,18.8,25.825,0,0,41,3.125,0
2017/5/21,27.2,13.3,21.05,0,0,52.375,2.625,0
2017/5/22,22.2,12.5,16.45,0,0,70,2,4
2017/5/23,22.7,11.4,15.925,0,0,63.25,2,0.2
2017/5/24,26.1,12.4,20.0875,0,0,50.25,1.875,0
2017/5/25,19.3,10.3,14.875,0,0,49.875,4,6
2017/5/26,24.3,5.8,16.4,0,0,47.125,1.5,0
2017/5/27,29,8.9,20.4625,0,0,42.375,1.75,0
2017/5/28,29.8,17.4,23.0125,0,0,33,2.25,0
2017/5/29,20.1,15.3,17.95,0,0,46.625,2.375,0
2017/5/30,25.8,14,20.45,0,0,61.75,2.25,0
2017/5/31,25.5,13.5,20.1375,0,0,58,2.375,0
2017/6/1,23.7,8.5,17.5625,0,0,49.5,2.375,0
2017/6/2,21.9,12,16.9,0,0,46,1.5,0
2017/6/3,24,12.6,18.4625,0,0,49.875,1.625,0
2017/6/4,28,10.3,19.38571429,0,0,51.57142857,1.714285714,0
2017/6/5,29.8,11.9,22.4,0,0,40.75,1.5,0
2017/6/6,21.8,15.2,18.4,0,0,63.375,2.25,0.3
2017/6/7,24.8,14.2,18.8,0,0,69.875,2.75,0
2017/6/8,29.2,16.9,23.075,0,0,51.5,2.25,0.3
2017/6/9,23.1,11.4,20.3625,0,0,30.25,2.5,0
2017/6/10,25.5,7.1,17.725,0,0,40.5,1.625,0
2017/6/11,26,11.8,19.725,0,0,47.875,2.5,0
2017/6/12,26.9,14.3,21.075,0,0,45,1.75,0
2017/6/13,28.6,12.5,22.125,0,0,45.5,1.375,0
2017/6/14,31.7,18.5,25.05,0,0,43.75,3.5,0
2017/6/15,36.5,16,27.45,0,0,45.25,1.25,0
2017/6/16,35.5,23.6,30.425,0,0,35.5,2.25,0
2017/6/17,34.7,20.2,28.425,0,0,44,3.5,0
2017/6/18,30.8,20.9,25.55,0,0,57.5,2.375,0.9
2017/6/19,28.1,17,21.925,0,0,78,2.375,39.2
2017/6/20,26.5,16.5,21.0625,0,0,77.75,2,15.1
2017/6/21,27.7,16.7,22.35,0,0,69.5,1.625,0
2017/6/22,27.5,17.4,22.7875,0,0,67.875,1.25,0
2017/6/23,30.2,18.6,22.575,0,0,78,1.25,0.6
2017/6/24,27.8,18.6,21.6,0,0,82.5,1.375,7.2
2017/6/25,28.5,18.6,22.75,0,0,84.5,1.125,0.8
2017/6/26,30,18.2,24.8875,0,0,72.125,1.5,0
2017/6/27,31.2,19.6,26.225,0,0,65.125,2.125,0
2017/6/28,31.2,18.6,25.9125,0,0,64.5,2.375,0
2017/6/29,30.5,20.7,26.075,0,0,63.25,3.25,0
2017/6/30,30.5,21.5,26.4125,0,0,65.75,2.75,0
2017/7/1,32,21.7,27.075,0,0,68.5,2.75,0
2017/7/2,27.9,21.6,24.475,0,0,76,1.625,0
2017/7/3,31.7,21.1,25.975,0,0,67.25,1.5,0.3
2017/7/4,32.4,18.6,26.2625,0,0,58.5,2.25,0
2017/7/5,35.6,19.8,28.125,0,0,56.375,1.75,0
2017/7/6,35.6,21.1,28.9375,0,0,59.375,1.75,0
2017/7/7,28.4,22.2,24.8125,0,0,86.5,2.125,16
2017/7/8,32.5,22.8,28.4,0,0,68.375,2.75,0.2
2017/7/9,31.1,23.6,26.8625,0,0,73.75,2.5,0.6
2017/7/10,29.9,20,25.575,0,0,82,2.75,20
2017/7/11,33,24.6,28.6625,0,0,69.25,3.375,0
2017/7/12,31.8,25.6,28.925,0,0,64.125,2.75,0
2017/7/13,32.1,24.6,29.2625,0,0,73,3.5,0
2017/7/14,31.7,21.9,26.6125,0,0,82.375,2.375,34.2
2017/7/15,31.8,21.5,27.025,0,0,79.625,1.25,0
2017/7/16,31.8,24.8,28.2125,0,0,77.25,2.625,0
2017/7/17,31.9,25.2,28.5125,0,0,76.625,3.875,0
2017/7/18,32.5,24.9,28.45,0,0,75.25,3.375,0
2017/7/19,31.8,23.7,27.65,0,0,77.875,3.25,12
2017/7/20,30.3,22.4,27.0375,0,0,88.125,2.375,1.1
2017/7/21,29.2,18.5,24.15,0,0,70.375,2.75,52
2017/7/22,26.2,21.8,23.75,0,0,80.875,1.375,0
2017/7/23,30,20,24.6125,0,0,82,0.875,0
2017/7/24,30.4,21.3,25.45,0,0,71.75,1.875,0
2017/7/25,30.1,18.6,24.2375,0,0,51.875,2.125,0
2017/7/26,27.7,17.1,22.8375,0,0,66,1.25,0
2017/7/27,27.7,21.3,24.575,0,0,81.25,1.25,0
2017/7/28,27.9,19.7,23.95,0,0,69.125,2.625,0
2017/7/29,30.4,15.6,24.2125,0,0,69.625,1.375,0
2017/7/30,31.7,20.1,25.925,0,0,66.625,1.75,0
2017/7/31,32.3,19.5,26.4875,0,0,67.5,1.75,0
2017/8/1,31.2,20,26.825,0,0,75.5,2,0
2017/8/2,30.1,22.9,26.4625,0,0,89.375,1.375,12.9
2017/8/3,29.8,23.5,26.075,0,0,90.625,2.375,2
2017/8/4,31.5,23.1,26.9,0,0,82.875,1.5,10
2017/8/5,29.8,23,26.575,0,0,85.625,1.125,0
2017/8/6,29.5,20.9,24.3625,0,0,89.375,1.25,33
2017/8/7,27.4,20.2,23.1125,0,0,92.5,0.75,0.5
2017/8/8,31.4,19.4,25.1125,0,0,79.625,0.875,0
2017/8/9,29.8,20.3,24.45,0,0,85,1.125,0.1
2017/8/10,28.9,21.8,24.2875,0,0,89.125,1.125,4.4
2017/8/11,31.5,20.1,26.4875,0,0,77.875,1.5,0
2017/8/12,31.4,22.3,26.5875,0,0,78.75,1.75,0
2017/8/13,32.8,21.7,27.575,0,0,71.75,1.125,0
2017/8/14,27.4,21.7,24.3375,0,0,88.5,0.875,0.5
2017/8/15,27.8,21.6,23.8,0,0,89.375,1.375,1.6
2017/8/16,28.1,19.9,23.7,0,0,86.5,1,5
2017/8/17,25,20.6,22.725,0,0,93.75,1,33
2017/8/18,26.2,20.4,23.0125,0,0,92.375,0.75,0
2017/8/19,29.9,20.2,24.3375,0,0,87.875,0.875,1
2017/8/20,31,19.9,25.5125,0,0,81.5,0.875,0
2017/8/21,30.8,19.9,25.85,0,0,80.75,1.375,0
2017/8/22,31.2,23.8,27.3,0,0,81.875,1.875,0
2017/8/23,26.3,19.8,23.625,0,0,91.75,1.75,18.4
2017/8/24,28.1,17.6,21.9875,0,0,71,1.5,0
2017/8/25,26.6,15.4,21.55,0,0,60.875,2.5,0
2017/8/26,27.2,11.9,19.7375,0,0,64.25,1.375,0
2017/8/27,26.5,12.2,19.05,0,0,79.875,2.875,3
2017/8/28,21.4,12.1,17.95,0,0,66.875,2.375,12
2017/8/29,21.7,6,15.2625,0,0,54.625,2.5,0
2017/8/30,24,10.3,16.9125,0,0,58.5,1.5,0
2017/8/31,26.4,7.7,17.0125,0,0,63.75,1.25,0
2017/9/1,23.9,12.5,17.325,0,0,85.625,1,1.4
2017/9/2,27.7,11.8,19.5875,0,0,75.25,0.875,0
2017/9/3,28.5,13.7,20.975,0,0,77,1.25,0
2017/9/4,27.6,15.7,22.275,0,0,76.625,2.5,0
2017/9/5,24.2,15.7,20.825,0,0,85.375,2.375,6
2017/9/6,26.4,13,19.15,0,0,80.875,1.125,0
2017/9/7,29.6,13.1,21.9,0,0,66.875,1.875,0
2017/9/8,23.1,16.1,18.975,0,0,87.625,1.125,0
2017/9/9,24.2,16.3,20.175,0,0,80.375,1.5,0
2017/9/10,27.5,18.6,22.5875,0,0,77.25,1.75,0
2017/9/11,23.5,11.4,18.875,0,0,67.375,1.25,24
2017/9/12,22.2,8.2,15.0125,0,0,69.125,1.75,0
2017/9/13,25.2,8,16.3625,0,0,69.125,1.125,0
2017/9/14,26.9,10.9,18.675,0,0,64.375,1.625,0
2017/9/15,26.2,14.8,20.325,0,0,69.75,1.5,0
2017/9/16,27.3,13.4,20.825,0,0,68.875,2.5,0
2017/9/17,25.3,13.2,19.1875,0,0,71.375,1.5,8
2017/9/18,27.8,11.1,19.8875,0,0,70.875,2.625,0
2017/9/19,23.4,11.7,17.975,0,0,56.875,2,1
2017/9/20,23,8.2,15.7375,0,0,76.625,1,0
2017/9/21,26.8,9.8,19.4125,0,0,66.375,2.5,0
2017/9/22,21.5,11.5,16.6375,0,0,85.75,1.375,18
2017/9/23,27,7.9,18.075,0,0,66.375,2,0
2017/9/24,26.2,10.9,19.65,0,0,55.75,1.75,0
2017/9/25,26.7,9.6,18.35,0,0,76.5,1.875,0
2017/9/26,20.6,7.6,14.6875,0,0,89.375,1.25,5
2017/9/27,18.4,5,10.85,0,0,69,1.25,0.1
2017/9/28,16.4,3.7,10.8875,0,0,48,2.25,0
2017/9/29,19.7,1.1,10.35,0,0,57.125,1.5,0
2017/9/30,25.4,4.7,15.925,0,0,63.625,1.75,0
2017/10/1,21.5,11.9,18.3875,0,0,49.125,3,5
2017/10/2,13.2,3.5,9.4125,0,0,42.5,2.125,0
2017/10/3,15.5,-0.2,8.025,0,0,55.75,1.625,0
2017/10/4,16.5,-1.2,7.4625,0,0,60.5,1.125,0
2017/10/5,20.7,3.4,13.375,0,0,64.5,2.625,0
2017/10/6,22.2,9.2,15.8125,0,0,68.75,2.75,0
2017/10/7,23.2,10.1,16.6875,0,0,79.25,1.5,0
2017/10/8,22,11.9,16.8625,0,0,84.625,1,0.4
2017/10/9,14.8,9.1,10.7875,0,0,93.875,3.25,15.4
2017/10/10,11.1,7.5,8.9125,0,0,79.375,3.375,1.5
2017/10/11,13.2,2.3,8.3,0,0,56.75,1.75,0.2
2017/10/12,13.7,-1.4,5.6625,0,0,68.25,1,0
2017/10/13,15.7,5.6,9.75,0,0,60.5,2.375,0.2
2017/10/14,13.6,-0.8,5.6875,0,0,62.375,1,0
2017/10/15,9.2,-0.2,5.4125,0,0,83.375,0.875,2.2
2017/10/16,13.1,0.1,5.075,0,0,75.125,0.875,0
2017/10/17,14.7,-1.8,6.6125,0,0,57.75,1.5,0
2017/10/18,16.5,4.3,9.1375,0,0,56.75,1.375,0
2017/10/19,18.2,2.6,9.4125,0,0,80,1.125,0
2017/10/20,20.1,2,11.6375,0,0,77.125,2.625,0
2017/10/21,12.8,4.5,9.275,0,0,53.625,3.375,0.3
2017/10/22,11.2,2.7,5.925,0,0,34.125,3.625,0
2017/10/23,9.6,-1.1,3.9375,0,0,35.375,2.5,0
2017/10/24,13.8,-5.5,3.275,0,0,51,1.125,0
2017/10/25,18,0.8,9.0125,0,0,68.25,1.125,0
2017/10/26,16.1,7.3,11.7,0,0,77.625,1.125,0
2017/10/27,18,9.5,13.7,0,0,72.5,1.25,0
2017/10/28,17.3,6.9,10.9125,0,0,53.25,2.5,0
2017/10/29,7.2,-3.2,3.025,0,0,34.625,2.75,0
2017/10/30,12.2,-4.5,3.7625,0,0,47.125,1.75,0
2017/10/31,16.4,-1.4,8.975,0,0,50,3.25,0
2017/11/1,15.4,4.1,10.2375,0,0,42.75,2,0
2017/11/2,7.5,-0.1,3.4125,0,0,71,2.375,0.5
2017/11/3,4.1,-4.3,0.325,0,0,60,2.875,0
2017/11/4,9.1,-6.6,1.175,0,0,56.75,2.125,0
2017/11/5,15.1,-1.5,8.5125,0,0,62.375,3.5,0
2017/11/6,17,7,12.1125,0,0,56.375,3,0
2017/11/7,16.4,6.2,11.975,0,0,61.75,3.5,0.3
2017/11/8,8.6,-2.3,3.8125,0,0,44.75,2.25,0
2017/11/9,12.1,-3.4,6.0625,0,0,51.75,2.5,0
2017/11/10,10.4,2.7,6.5,0,0,50.25,3.875,5
2017/11/11,4.4,-4.3,0.2375,0,0,51.125,1.625,0
2017/11/12,12.4,-3.4,5.7875,0,0,62.25,3.125,0
2017/11/13,9.3,2.3,6.25,0,0,44.125,3.125,0
2017/11/14,2.6,-3.1,-0.0625,0,0,29.25,3.375,0
2017/11/15,-1.6,-6.8,-4.3875,0,0,33.5,2.875,0
2017/11/16,3.4,-11.1,-2.35,0,0,51.5,1.25,0
2017/11/17,1.2,-6.2,-2.0125,0,0,51.625,3.625,0.9
2017/11/18,-4.7,-10,-7.8375,0,0,36.125,2.625,0
2017/11/19,-4.3,-11.5,-7.7125,0,0,43.625,1.75,0
2017/11/20,0.2,-8.9,-5.1375,0,0,49,1.625,0
2017/11/21,8.4,-9.7,1.325,0,0,53.5,3,0
2017/11/22,2.3,-5.4,-0.9375,0,0,34.75,2.375,0
2017/11/23,0.1,-5.5,-2.975,0,0,29.75,2.125,0
2017/11/24,-2.4,-10.5,-7.0875,0,0,39.375,1.5,0
2017/11/25,1.7,-6.3,-2.3375,0,0,51.75,1.875,0
2017/11/26,-3.2,-12.2,-7.325,0,0,42,1.375,0
2017/11/27,4.6,-13.1,-1.225,0,0,52.25,3.375,0
2017/11/28,7.9,-8.8,1.775,0,0,47.125,3.25,0.1
2017/11/29,-6.9,-14.2,-10.525,0,0,30.375,1.875,0
2017/11/30,-7.5,-15.4,-11.9,0,0,38.125,1.5,0
2017/12/1,-1.3,-15.3,-8.8625,0,0,48.625,1.25,0
2017/12/2,5.8,-6.9,0.375,0,0,59.75,3.375,0
2017/12/3,-3.3,-13.9,-6.425,0,0,41.625,1.75,0
2017/12/4,-6.1,-11.3,-9.2125,0,0,37.5,2.125,0
2017/12/5,-2,-16.4,-9.3125,0,0,52.625,1.5,0
2017/12/6,2,-12.3,-5.8875,0,0,57.5,1.5,0
2017/12/7,-4.3,-11,-8.2125,0,0,61.125,2.125,0
2017/12/8,-1.1,-16.1,-8.4875,0,0,60.625,1.625,0
2017/12/9,5.4,-9.4,-2.475,0,0,58.5,2.375,0
2017/12/10,-1.8,-12.7,-5.7125,0,0,42.25,3.375,0
2017/12/11,-12.3,-16.6,-14.0625,0,0,34.625,3,0
2017/12/12,-10.8,-19.1,-15.45,0,0,41.25,1.625,0
2017/12/13,-8.8,-20.8,-15.85,0,0,53.5,1,0
2017/12/14,-6.4,-18,-11.9125,0,0,54.125,1,0
2017/12/15,-5.7,-12.6,-7.65,0,0,45.125,1.875,0
2017/12/16,-8.9,-13,-10.65,0,0,37.625,3,0
2017/12/17,-3.1,-19.2,-11.6125,0,0,52,1.625,0
2017/12/18,-1.5,-10,-6.0875,0,0,49.5,2.5,0.1
2017/12/19,-5.7,-14,-10.0625,0,0,35.5,2,0
2017/12/20,-0.6,-13.2,-7.5125,0,0,53.5,1.125,0
2017/12/21,6.3,-11.4,-3.2875,0,0,60.25,1.875,0
2017/12/22,4.3,-9.5,-3.3,0,0,69.5,1.375,0
2017/12/23,4.2,-12.9,-5.225,0,0,55.75,1,0
2017/12/24,-3.1,-10,-5.5625,0,0,43.875,2.875,0
2017/12/25,-1.4,-15.2,-7.225,0,0,42.125,3,0
2017/12/26,-9.2,-16.7,-11.775,0,0,34.125,2.375,0
2017/12/27,-6.7,-21.4,-12.4625,0,0,41.375,1.25,0
2017/12/28,-1.6,-7.4,-4.3875,0,0,54.375,1.375,0
2017/12/29,-1.3,-7.5,-4.775,0,0,49.5,2,0
2017/12/30,-2.7,-10.2,-6.1875,0,0,46.25,0.875,0
2017/12/31,-1.5,-15,-10.05,0,0,55.625,1,0
2018/1/1,-4.2,-16.8,-10.8125,0,0,50.5,1.5,0
2018/1/2,-7.5,-16.9,-12.4875,0,0,44.25,1.5,0
2018/1/3,-6.2,-19.3,-13.4375,0,0,56.25,1.125,0
2018/1/4,-6.5,-19.4,-13.9375,0,0,59.125,1.125,0
2018/1/5,-4.6,-19.8,-13.1,0,0,56.625,1,0
2018/1/6,-3.5,-17.7,-11.8375,0,0,58.5,0.625,0
2018/1/7,0.5,-14.2,-6.875,0,0,53,1.25,0
2018/1/8,-2.5,-8.7,-5.6875,0,0,76.625,2.125,3.8
2018/1/9,-5.6,-15.6,-9.6,0,0,55,2.5,0.2
2018/1/10,-13.1,-21.1,-14.8875,0,0,64.625,2.125,0.3
2018/1/11,-14.7,-25.6,-21.075,0,0,65.625,1.25,0
2018/1/12,-4.9,-26.6,-16.725,0,0,64.25,1.625,0
2018/1/13,-1.8,-15.3,-10.3,0,0,66,1.5,0
2018/1/14,2,-5.3,-1,0,0,70.125,3.25,0.4
2018/1/15,-4.5,-14.3,-7.25,0,0,51.375,1.125,0.2
2018/1/16,-0.1,-14,-5.15,0,0,55.625,2.125,0
2018/1/17,0,-15.1,-7.9875,0,0,82.125,1.25,0.5
2018/1/18,-0.2,-13,-7.6875,0,0,73,1,0
2018/1/19,3.8,-12.6,-4.3625,0,0,54.25,2.125,0
2018/1/20,-4.3,-13.8,-8.8375,0,0,36.375,1.875,0
2018/1/21,-10.4,-15.6,-13.5375,0,0,36.375,2.75,0
2018/1/22,-15.1,-21.3,-17.05,0,0,39.125,3,0
2018/1/23,-15.9,-24.7,-19.075,0,0,30.125,3.5,0
2018/1/24,-16,-22.4,-19.875,0,0,33.25,2.125,0
2018/1/25,-16.6,-26.9,-22.55,0,0,51.625,1.5,0
2018/1/26,-14.6,-27.3,-21.9375,0,0,52.75,1.375,0
2018/1/27,-10.1,-24.9,-18.2375,0,0,52.75,1,0
2018/1/28,-10.8,-20.2,-14.4375,0,0,35,2.25,0
2018/1/29,-9.1,-15.1,-12.4375,0,0,34.125,2.625,0
2018/1/30,-4.3,-17,-10.8875,0,0,49.75,1.125,0
2018/1/31,-5.1,-17.1,-10.8375,0,0,44.625,1.375,0
2018/2/1,0,-16.5,-8.025,0,0,50.5,2.125,0
2018/2/2,-7.1,-16.2,-10.4,0,0,35.25,2.875,0
2018/2/3,-11.2,-19.8,-14.9,0,0,52.75,1.625,0
2018/2/4,-8.8,-23,-15.6625,0,0,54.375,1.375,0
2018/2/5,-9.9,-22.9,-16.7875,0,0,56.375,1.75,0
2018/2/6,-9.9,-23.4,-16.7375,0,0,53.625,1.75,0
2018/2/7,-7.9,-19.2,-14.675,0,0,50.25,1.625,0
2018/2/8,-0.9,-21.6,-9.4,0,0,49.625,2.875,0
2018/2/9,3.1,-4.4,-1.35,0,0,41.375,3,0
2018/2/10,-7.7,-12.2,-9.6125,0,0,22.625,3.25,0
2018/2/11,-9.2,-14.1,-11.5375,0,0,22.75,4,0
2018/2/12,-4.8,-15.2,-9.9875,0,0,28.75,2.125,0
2018/2/13,0.5,-17.6,-7.3,0,0,44.875,1.75,0
2018/2/14,-2.2,-8.2,-5.15,0,0,33.375,3,0
2018/2/15,-0.5,-17.2,-7.675,0,0,38.125,1.75,0
2018/2/16,-3.1,-9.3,-5.325,0,0,30.875,4,0
2018/2/17,-3.7,-15.1,-9.4125,0,0,29.375,1.875,0
2018/2/18,0.4,-12.5,-6.475,0,0,32,1.5,0
2018/2/19,0.9,-14.6,-7.8625,0,0,38.25,1.125,0
2018/2/20,-1.8,-13.2,-7.7125,0,0,33.625,1.875,0
2018/2/21,0.8,-17,-6.925,0,0,37.5,1.75,0
2018/2/22,1.9,-13.7,-5.55,0,0,38.375,1,0
2018/2/23,1.2,-10.7,-5.525,0,0,41.25,2.75,0
2018/2/24,-3.1,-11.4,-7.7,0,0,26.75,2,0
2018/2/25,2.2,-16.3,-6.95,0,0,38,1.875,0
2018/2/26,1.5,-8.7,-2.425,0,0,61.75,2.25,0.1
2018/2/27,1.2,-7.2,-2.5125,0,0,63.875,2.25,0
2018/2/28,6,-5.4,-1.1125,0,0,74.625,2.25,9.3
2018/3/1,-3.6,-13.2,-7.0625,0,0,47.25,3.5,0.8
2018/3/2,3.4,-16,-4.1125,0,0,61.5,2.875,0
2018/3/3,6,0.2,3.4,0,0,71.75,4.25,0
2018/3/4,-3.1,-6.4,-4.55,0,0,44.875,3.625,0.2
2018/3/5,-3.6,-9.1,-6.0625,0,0,33.875,3.75,0
2018/3/6,-3.3,-9.7,-6.4125,0,0,30.75,3,0
2018/3/7,-0.6,-9.9,-5.4125,0,0,58.875,2.125,3
2018/3/8,-4.8,-12.3,-8.55,0,0,60.375,3.625,2
2018/3/9,3.6,-15.5,-4.6875,0,0,57.625,2.375,0
2018/3/10,0.9,-6.6,-2.175,0,0,52.875,2,0
2018/3/11,6.8,-9.9,-1.0875,0,0,56.25,1.5,0
2018/3/12,13.1,2.4,7.875,0,0,56.125,4.25,0
2018/3/13,14.2,4.5,9.35,0,0,62.5,2.5,0
2018/3/14,17.6,0.7,8.1,0,0,71.375,3.125,0
2018/3/15,0.3,-6.3,-2.766666667,0,0,64,4.714285714,13.4
2018/3/16,1.2,-13.7,-5.4375,0,0,55.125,1.5,0
2018/3/17,5.9,-7.4,-0.15,0,0,69.625,2.375,0.9
2018/3/18,4.6,-1,2,0,0,86.25,1.875,2
2018/3/19,6.5,-2,2.2875,0,0,51.875,4.25,0
2018/3/20,8.1,-3.7,2.225,0,0,28.625,3.625,0
2018/3/21,8.9,-2.8,2.0375,0,0,39.25,1.5,0
2018/3/22,11.1,-6,2.8375,0,0,49.25,1,0
2018/3/23,11.8,-3.3,4.4,0,0,62.375,1.625,0
2018/3/24,17.4,-1.3,8.825,0,0,53.75,2.625,0
2018/3/25,21.8,7.4,14.1,0,0,36.25,4.875,0
2018/3/26,21.6,3.3,12.85,0,0,50.5,3,0
2018/3/27,19.4,7.6,13.9,0,0,53.375,3.375,0
2018/3/28,17.1,11.1,14.05,0,0,29.625,2.75,0
2018/3/29,12.2,2.9,8.125,0,0,25.75,2.875,0
2018/3/30,16.6,-0.7,9,0,0,33.75,2.375,0
2018/3/31,18.3,7.6,12.7125,0,0,44.125,2.375,0.2
2018/4/1,20.7,4.7,12.9875,0,0,58.625,2.5,0
2018/4/2,19.1,10.7,14.7875,0,0,50.625,3.75,0
2018/4/3,7.8,5.1,6.5125,0,0,17.5,4.875,0
2018/4/4,8.3,0.7,4.9875,0,0,16,3.375,0
2018/4/5,4.9,2,3.175,0,0,63,2.75,0.2
2018/4/6,4.3,0.2,2.1875,0,0,53,3,3.6
2018/4/7,6.4,-1.8,3.1,0,0,32.375,3.5,0
2018/4/8,11.4,-2.8,4.7375,0,0,41.25,2.125,0
2018/4/9,15.2,2.6,9.275,0,0,37.75,3.625,0
2018/4/10,13.9,8.7,11.6,0,0,52.375,4.375,0.9
2018/4/11,17.6,5.6,12.2875,0,0,25.5,3.625,0
2018/4/12,15.5,1.5,9.3875,0,0,22.75,2.75,0
2018/4/13,17.2,2.2,10.225,0,0,41.75,2.625,0
2018/4/14,12.9,5.7,8.8375,0,0,68,5,10
2018/4/15,14.5,3.7,8.725,0,0,43.75,2.625,0.8
2018/4/16,20.8,1,12.875,0,0,33.875,4.25,0
2018/4/17,22.7,10.1,16.3125,0,0,25.125,4.875,0
2018/4/18,21.3,8.6,14.9,0,0,39.75,3.125,0
2018/4/19,24.1,9.3,16,0,0,47.75,1.5,0
2018/4/20,27.5,11.1,19.6625,0,0,35.625,5,0
2018/4/21,19.5,10.2,13.425,0,0,61.875,2.625,2
2018/4/22,12.7,9.1,11.025,0,0,86.125,2.75,4.2
2018/4/23,14.1,9.8,11.4,0,0,77.625,1.875,0
2018/4/24,22.3,8.1,15.275,0,0,50.25,2.25,0
2018/4/25,26.4,4,17.2625,0,0,36,2.625,0
2018/4/26,24.7,8.8,15.68571429,0,0,35.71428571,4.428571429,0
2018/4/27,22.6,7.6,15.675,0,0,23.25,2.625,0
2018/4/28,27.7,14.8,21.1125,0,0,28.625,5.25,0
2018/4/29,29.3,17,21.7375,0,0,42.875,5.125,0
2018/4/30,23,11.2,17.225,0,0,42.75,1.875,2.1
2018/5/1,18,11.3,15.1875,0,0,61,1.375,0.1
2018/5/2,18.9,13,15.5,0,0,34.75,4,0
2018/5/3,19.3,9.1,13.9875,0,0,33.125,2.75,0
2018/5/4,25.8,4,16.025,0,0,33.5,1.75,0
2018/5/5,22.4,10,18.7625,0,0,37.875,2.125,0
2018/5/6,26.2,8.7,19.4375,0,0,33.875,2.125,0
2018/5/7,21.3,12.8,17.45,0,0,23.125,3.5,0
2018/5/8,23.8,6.1,16.8,0,0,31.25,2.375,0
2018/5/9,24.3,8.2,16.5,0,0,33.875,1.625,0
2018/5/10,26,8.6,18.9625,0,0,40.125,3.875,0
2018/5/11,17.4,10.2,14.5375,0,0,68.625,1.625,2.5
2018/5/12,18.8,8.4,14.875,0,0,61.75,2.375,0
2018/5/13,26.4,12,19.7125,0,0,57.5,3,0
2018/5/14,25.7,17.3,20.7125,0,0,59.25,3.875,0
2018/5/15,27.3,19.1,22.725,0,0,62.875,3.875,0
2018/5/16,27.9,19.6,22.9125,0,0,68.625,3.25,0
2018/5/17,23.2,16.3,20.625,0,0,54.25,2.625,0.5
2018/5/18,26.9,16.6,21.725,0,0,35.75,2.75,0
2018/5/19,28,11.9,21.175,0,0,39.375,2.375,0
2018/5/20,26.5,14.4,20.8875,0,0,33.75,3.125,0
2018/5/21,25.9,8.3,19.0125,0,0,38.75,2.625,0
2018/5/22,16.6,8.9,12.1125,0,0,74.75,1.875,11
2018/5/23,21.5,5.4,15.5,0,0,52.875,4.375,10
2018/5/24,29.7,11.4,21.625,0,0,55.5,2.75,0
2018/5/25,29.3,15.4,23.2,0,0,52.625,3.125,0
2018/5/26,26.4,15.7,21.775,0,0,59.125,3.375,0
2018/5/27,24.8,15.6,19.6625,0,0,71.5,2.25,8.1
2018/5/28,20.1,12.2,16.225,0,0,85.375,1.25,18.4
2018/5/29,21.5,9.2,14.8,0,0,79.25,2.25,4
2018/5/30,22,13.3,16.8625,0,0,72.625,1.25,0.2
2018/5/31,28.5,10.4,19.8125,0,0,67.25,1.375,0
2018/6/1,32,14.4,24.6,0,0,50.375,2.875,0
2018/6/2,31.6,22.4,26.8375,0,0,33.875,3.875,0
2018/6/3,29.3,15.3,23.425,0,0,52.625,3.375,0
2018/6/4,28.4,19.8,23.65,0,0,49.625,3.25,0.2
2018/6/5,28.7,19.2,23.425,0,0,56.875,4,0
2018/6/6,28.7,19.9,23.95,0,0,61.75,2.25,0
2018/6/7,24.7,19.1,21.8875,0,0,70.125,2.5,2
2018/6/8,29.5,16,22.45,0,0,63.375,1.375,0.2
2018/6/9,29.5,16.4,23.1875,0,0,63.125,1.875,0
2018/6/10,19.7,16.9,18.5,0,0,84.25,1.75,5.6
2018/6/11,21.4,16.7,18.6,0,0,87.375,1,9.3
2018/6/12,25.9,15.1,20.74285714,0,0,71.85714286,1.714285714,0
2018/6/13,23.9,17.4,20.575,0,0,75.875,1.75,14
2018/6/14,21.7,16.9,18.7875,0,0,84.125,1.375,22
2018/6/15,24.2,17.4,20.2125,0,0,79.5,1.375,10.2
2018/6/16,23.5,16.2,20.425,0,0,73.375,3,0
2018/6/17,23.2,18.4,20.525,0,0,80.625,2.25,15
2018/6/18,26.9,18.1,22.625,0,0,67.375,3.125,0
2018/6/19,23.9,14.7,18.925,0,0,84.625,1.875,6.3
2018/6/20,26.6,16,21.4,0,0,61.375,2.125,0
2018/6/21,30.5,12.4,22.9625,0,0,57.875,2.25,0
2018/6/22,32.2,18,26.075,0,0,45.25,3.5,0
2018/6/23,30.2,21.5,26.2875,0,0,52.875,3.75,0
2018/6/24,33.5,19.1,27.475,0,0,59.25,2.125,0
2018/6/25,31.3,23.6,27.2125,0,0,50.375,3.125,0
2018/6/26,28.8,19.2,25.35,0,0,52.75,2,0
2018/6/27,27.9,19.7,23.8375,0,0,72.75,2.25,12
2018/6/28,28.8,19.4,23.35,0,0,67.125,1.625,0
2018/6/29,32.1,17.3,25.5125,0,0,65.25,2.5,0
2018/6/30,31.7,20.3,26.5,0,0,58.125,2.375,0
2018/7/1,31.3,18.5,24.75,0,0,72,1.375,0
2018/7/2,29.3,20.6,24.475,0,0,72.25,0.875,0
2018/7/3,31.1,20.9,25.9375,0,0,69.25,1,0
2018/7/4,34.4,19.3,27.35,0,0,62,1.625,0
2018/7/5,32,22.9,27.2,0,0,62.375,2.125,0
2018/7/6,28,22,23.4125,0,0,84,1.125,7.8
2018/7/7,24.6,21.3,22.775,0,0,77.5,1.625,6
2018/7/8,21.7,18.9,20.625,0,0,80.75,2.125,6
2018/7/9,26.2,20.4,23.1125,0,0,74.625,1.875,0
2018/7/10,30.8,19.6,25.075,0,0,68.25,2.5,0
2018/7/11,27.7,22.3,24.6375,0,0,76.375,1.875,0.2
2018/7/12,26.9,23.9,25.5875,0,0,81.625,2.75,8.8
2018/7/13,29.6,24.4,26.7625,0,0,76.25,2.625,0
2018/7/14,27.1,23.1,24.8125,0,0,89.75,2.25,27
2018/7/15,28.3,22.6,26.1375,0,0,82,1.75,0
2018/7/16,31.4,23.9,26.8375,0,0,74.5,2.625,8
2018/7/17,31.4,21.8,27.175,0,0,69.125,2.25,0
2018/7/18,29.4,22,26.6,0,0,75.375,2.625,0
2018/7/19,31.9,25,28.275,0,0,69.375,2.375,0
2018/7/20,31.2,21.1,27.225,0,0,69.5,2.875,0
2018/7/21,32.7,23.1,28.1125,0,0,67.75,2.625,0
2018/7/22,33.1,22.7,28.4375,0,0,70,2.625,0
2018/7/23,34,22.7,28.9875,0,0,71.75,1.75,0
2018/7/24,33.8,24.2,29.5375,0,0,67.625,2.125,0
2018/7/25,32.7,26.9,29.975,0,0,68.125,2.75,0
2018/7/26,27.5,25.1,26.1125,0,0,85.625,1.125,1.1
2018/7/27,32.9,24.1,28.55,0,0,72.625,1.375,0
2018/7/28,35.1,23.9,29.6,0,0,71.25,1.125,0
2018/7/29,36.9,24.5,30.4875,0,0,70.125,0.875,0
2018/7/30,37.1,25.3,31.575,0,0,69.375,1.625,0
2018/7/31,36.9,27,32.425,0,0,65.125,2.125,0
2018/8/1,35.5,27.3,30.825,0,0,55.625,2.625,0
2018/8/2,37.4,22,30.275,0,0,53.875,1.75,0
2018/8/3,36.9,22.2,30.6875,0,0,64.25,3,0
2018/8/4,35.9,27.2,31.375,0,0,63.5,3.5,0
2018/8/5,27.9,22.5,24.525,0,0,66.375,2.75,0
2018/8/6,31,21.1,25.7125,0,0,63.625,1.75,0
2018/8/7,26.5,22.8,24.3375,0,0,85.75,0.875,81
2018/8/8,29,23.2,26.325,0,0,70,1.625,0
2018/8/9,33,20.8,27.3375,0,0,67.75,1.125,0
2018/8/10,34.4,21.2,27.7625,0,0,65.25,1.125,0
2018/8/11,33.2,18.7,26.575,0,0,69.875,1.125,0
2018/8/12,28.6,23.3,25.6,0,0,78.625,1.375,0
2018/8/13,31.3,23.3,26.9,0,0,83,0.875,0.7
2018/8/14,24.7,22.8,23.925,0,0,93.625,1.125,18.1
2018/8/15,29,22.8,25.3,0,0,81.875,2.125,1.1
2018/8/16,29.9,20.4,24.65,0,0,61,2.75,0
2018/8/17,29.3,16.4,23.9375,0,0,71.125,1.875,0
2018/8/18,23.1,19.5,21.575,0,0,87.75,0.875,10
2018/8/19,28.3,18,24.15,0,0,82.25,1.5,0
2018/8/20,23.6,20.6,21.7,0,0,92.5,1.5,23
2018/8/21,29.3,18.9,23.15,0,0,73.625,1.75,0
2018/8/22,29.1,17.7,22.5,0,0,74.375,0.875,0
2018/8/23,25.7,19.6,22.75,0,0,75.375,1.75,0
2018/8/24,22.4,19.6,21.3375,0,0,78.125,3,0
2018/8/25,25,18.3,20.925,0,0,78.5,2.625,1.7
2018/8/26,26.6,18.7,22.15,0,0,79.875,1,0
2018/8/27,30.1,19.7,24.125,0,0,75.5,1.125,0.1
2018/8/28,28,18.8,23.175,0,0,83.75,1,0
2018/8/29,22.8,18,21.075,0,0,87.25,1.5,3.2
2018/8/30,24.2,16.4,19.65,0,0,85.625,1.25,0
2018/8/31,26.3,14.6,21.1125,0,0,75.25,1.5,0
2018/9/1,28.5,15.9,22.3125,0,0,75,1.25,0
2018/9/2,22.7,18.1,19.8875,0,0,85.5,1.75,13
2018/9/3,25.9,18.1,22.0875,0,0,79.75,2.25,8
2018/9/4,24.3,17.3,21.4125,0,0,62.375,2.125,0
2018/9/5,26.6,15.4,21.075,0,0,54.25,2.875,0
2018/9/6,22.7,14.9,18.1375,0,0,78.375,1.5,3.9
2018/9/7,23.4,9.8,17.35,0,0,64.875,1.375,6
2018/9/8,21,9.3,16.2875,0,0,54,1.5,0
2018/9/9,22.2,7.4,14.675,0,0,68.125,1.25,0
2018/9/10,25.1,7.6,16.65,0,0,68.25,1.5,0
2018/9/11,25.9,10.8,19.15,0,0,70.125,1.625,0
2018/9/12,26.2,14.8,20.0875,0,0,73.25,1.75,0
2018/9/13,27.4,15.1,21.65,0,0,75,2.375,0
2018/9/14,27.8,15.8,21.525,0,0,75.75,1.375,0
2018/9/15,20,9.4,15.3625,0,0,81.25,1.625,0
2018/9/16,23.4,7.5,14.5125,0,0,69.5,1.25,0
2018/9/17,25.9,7.5,16.35,0,0,67.125,1.125,0
2018/9/18,27.1,12.4,18.625,0,0,63.875,1.375,0
2018/9/19,27.1,11.2,18.2625,0,0,69.75,1,0
2018/9/20,26.9,11.6,18.975,0,0,70.5,1.5,0
2018/9/21,20,12.2,16.825,0,0,78.875,1.375,7
2018/9/22,20.5,6.4,14.5625,0,0,56.75,1.5,0
2018/9/23,18.6,9.6,13.725,0,0,62.875,1.875,0
2018/9/24,19.7,4.7,12.0125,0,0,71.625,1.625,0
2018/9/25,21.6,5.3,13.1625,0,0,69.125,1.125,0
2018/9/26,22,7.2,13.8875,0,0,65.875,1.75,0
2018/9/27,23.1,5.9,14.125,0,0,67.25,1.25,0
2018/9/28,16.7,11.8,14.925,0,0,80.75,1.25,0.9
2018/9/29,16.6,9.1,11.775,0,0,92,1.25,7.2
2018/9/30,15.1,7.8,10.525,0,0,80.625,1.25,0
2018/10/1,17.9,6,11.6875,0,0,69.625,2.625,6
2018/10/2,21.6,3.4,12.5375,0,0,66.875,1.5,0
2018/10/3,23.9,7,14.525,0,0,75.125,0.875,0
2018/10/4,25.2,9.4,15.7625,0,0,71.375,1.25,0
2018/10/5,24.3,7.4,14.7,0,0,69.625,1.125,0
2018/10/6,19.2,3.8,11.7875,0,0,56.125,2.125,0
2018/10/7,18.6,0.1,9.6625,0,0,54.625,1.625,0
2018/10/8,17.1,1.5,8.9125,0,0,58,1.125,0
2018/10/9,10.9,1.8,7.175,0,0,64.125,1.5,0
2018/10/10,10.8,1.6,6.4125,0,0,70.625,1.25,0.1
2018/10/11,13.5,-1,5.7625,0,0,70.75,1,0
2018/10/12,18.5,-0.3,8.4875,0,0,66.5,1.25,0
2018/10/13,19.1,2.7,10.3,0,0,70.125,1.875,0
2018/10/14,18.6,4.2,11.375,0,0,71,1.75,0
2018/10/15,16.9,0.2,7.9375,0,0,64,0.875,0
2018/10/16,14.1,0.8,7.15,0,0,52.875,2.125,0
2018/10/17,13,-1.9,5.9625,0,0,56.375,1.875,0
2018/10/18,14.6,-1.4,5.475,0,0,58.625,1.25,0
2018/10/19,17.7,-2.8,5.925,0,0,59.875,0.75,0
2018/10/20,20.5,-1.8,8.225,0,0,61,1.375,0
2018/10/21,19.3,1.8,10.925,0,0,65.75,2.375,0
2018/10/22,18.7,8.3,14.0625,0,0,68.75,2.25,0
2018/10/23,14.2,3.4,8.925,0,0,71,1.75,12.3
2018/10/24,19.6,2.2,11.3875,0,0,67.875,2.5,0
2018/10/25,19.3,4.9,12.9,0,0,69.5,2.125,0
2018/10/26,10.5,4.5,7.65,0,0,59.5,3.5,16
2018/10/27,8.3,2.5,5.4875,0,0,44.25,4.5,0
2018/10/28,7.6,1.3,5.1375,0,0,43.625,2.875,0
2018/10/29,5.2,-0.4,3.6,0,0,52,1.875,0
2018/10/30,8.3,-0.4,3.65,0,0,66.5,1.125,0
2018/10/31,10.4,-3.1,2.925,0,0,71,1,0
2018/11/1,14.3,-2.7,4.475,0,0,66.75,1.25,0
2018/11/2,18.1,-1.2,8.3,0,0,66.875,2.625,0
2018/11/3,18,1.9,9.725,0,0,67.375,2.125,0
2018/11/4,9.4,2.2,4.9625,0,0,82.125,3.125,0.8
2018/11/5,7,0.4,2.9375,0,0,52.5,2.375,0
2018/11/6,7.6,-5.5,1.05,0,0,61,1,0
2018/11/7,9.6,-2.2,2.2125,0,0,65.125,0.75,0
2018/11/8,8.8,0.4,5.4125,0,0,80.25,1.75,3.3
2018/11/9,10.6,3.5,6.5125,0,0,64.875,2.25,4
2018/11/10,8,-2.5,2.375,0,0,57.875,1.375,0
2018/11/11,10.9,-1.8,3.25,0,0,58.5,1.375,0
2018/11/12,10.7,-2.7,3.125,0,0,58.375,1.375,0
2018/11/13,10.5,-2.1,2.85,0,0,57,1.5,0
2018/11/14,11.9,-3.1,3.1625,0,0,66.875,1.5,0
2018/11/15,8.9,-0.5,3.025,0,0,52.625,2.25,0
2018/11/16,1.2,-7.7,-3.2875,0,0,38.25,1.875,0
2018/11/17,5.8,-9.2,-2.3875,0,0,62.125,1.5,0
2018/11/18,7.9,-4.9,0.4125,0,0,50.875,1.875,0
2018/11/19,4.6,-7.6,-2.1625,0,0,58.125,1.125,0
2018/11/20,0.8,-7.5,-1.375,0,0,58.75,2.375,0.3
2018/11/21,1.3,-11.1,-4.3,0,0,55.875,1.5,0
2018/11/22,-1.4,-11,-5.3375,0,0,38.625,1.75,0
2018/11/23,4.3,-11.1,-3.2625,0,0,62,1.625,0.1
2018/11/24,4.3,-1.5,1.4875,0,0,79.25,1.25,2
2018/11/25,7.6,-4.7,0.2,0,0,76.5,1,0
2018/11/26,12.4,-3.5,6.2875,0,0,70,3.875,0
2018/11/27,5.7,-2.4,2.1875,0,0,20.5,2.875,0
2018/11/28,1,-9.9,-3.65,0,0,33.875,1.5,0
2018/11/29,1.3,-11.8,-6.15,0,0,45.125,1.25,0
2018/11/30,7.1,-11.4,-1.275,0,0,47,2.75,0
2018/12/1,7.6,-8.3,-0.2875,0,0,37.625,1.875,0
2018/12/2,7.1,-2.4,4.5125,0,0,66.625,1.625,2
2018/12/3,6.4,-2.6,2.9375,0,0,47.25,2.875,7
2018/12/4,-3.8,-9.8,-6.375,0,0,33.75,2.25,0
2018/12/5,-2.8,-13,-7.4125,0,0,50,1.375,0
2018/12/6,-5.7,-11.8,-9.125,0,0,47.125,2.875,1.5
2018/12/7,-11.7,-16,-13.6125,0,0,30.125,2.5,0
2018/12/8,-9.6,-16.4,-13.175,0,0,35.375,2.375,0
2018/12/9,-5,-18.8,-12.95,0,0,54.625,1.375,0
2018/12/10,-3.6,-14.6,-9.7,0,0,47.25,2,0
2018/12/11,-6,-15.4,-11.025,0,0,51.875,1.375,0
2018/12/12,-4.1,-18.4,-10.325,0,0,54.25,1.625,0
2018/12/13,-5.8,-15.6,-8.9,0,0,51.25,2.375,0
2018/12/14,-4.8,-17.6,-12.325,0,0,67.125,1.125,0
2018/12/15,3.4,-12,-2.35,0,0,66,2.5,0
2018/12/16,2.9,-9.3,-2.4,0,0,61.75,1.375,0
2018/12/17,1.9,-12.3,-5.0875,0,0,56.375,1.75,0
2018/12/18,1.5,-7.5,-4.4375,0,0,55.5,1.375,0
2018/12/19,4.3,-11.2,-4.475,0,0,58.5,1.375,0
2018/12/20,5.2,-11.5,-4.1875,0,0,59.5,0.875,0
2018/12/21,3.8,-5.8,-0.2875,0,0,82.5,1.25,4
2018/12/22,2.3,-7.9,-3.0875,0,0,82.75,1,0
2018/12/23,-4.2,-13.6,-7.525,0,0,46,1.875,0
2018/12/24,0.7,-15.6,-6.9,0,0,58.625,1.875,0
2018/12/25,-1.8,-12,-5.1125,0,0,40.875,3.125,0
2018/12/26,-11.9,-15.2,-13.85,0,0,22.25,2.75,0
2018/12/27,-13.8,-18,-15.5625,0,0,28.125,3.125,0
2018/12/28,-7.9,-21,-13.4,0,0,36.375,2.25,0
2018/12/29,-8.8,-18.5,-12.9125,0,0,40.125,1.5,0
2018/12/30,-9.1,-21,-16.025,0,0,59,1.375,0
2018/12/31,-8.3,-19.3,-15.0125,0,0,57.25,1.25,0
2019/1/1,-8.1,-20.6,-15.475,0,0,59.5,1.125,0
2019/1/2,-5.3,-20.1,-13.9625,0,0,59.875,0.875,0
2019/1/3,0,-16.6,-8.125,0,0,55.375,1.875,0
2019/1/4,-3.7,-14,-6.9,0,0,41.75,2.25,0
2019/1/5,-6.3,-16.1,-10.3125,0,0,38.25,1.625,0
2019/1/6,-5.9,-17.5,-12.575,0,0,56.875,0.875,0
2019/1/7,-3.4,-18,-11.925,0,0,59.125,1,0
2019/1/8,-6.6,-17,-10.0125,0,0,38.5,1.875,0
2019/1/9,-1,-19.7,-9.0375,0,0,53,2.125,0
2019/1/10,2.5,-11.6,-5.125,0,0,54.625,1.625,0
2019/1/11,3.2,-12.6,-5.7375,0,0,59,1.25,0
2019/1/12,3.5,-7.2,-2.0125,0,0,70.25,1.25,0
2019/1/13,-1,-11.5,-4.8625,0,0,77.125,1,0
2019/1/14,0,-14.7,-6.675,0,0,62.75,1.75,0
2019/1/15,-7.4,-15.6,-10.7,0,0,34.875,3.625,0
2019/1/16,-0.2,-17.4,-8.05,0,0,42.5,2.25,0
2019/1/17,-2.1,-14.5,-8.6625,0,0,49.875,1.5,0
2019/1/18,2.5,-13.3,-6.5875,0,0,59.75,1.75,0
2019/1/19,-1.6,-15.3,-7.5125,0,0,54.5,1.625,0
2019/1/20,-2.9,-9.4,-6,0,0,32.625,2.25,0
2019/1/21,4,-9,-2.75,0,0,42.25,2.25,0
2019/1/22,5.3,-12,-3.5,0,0,43.875,1.25,0
2019/1/23,-0.3,-12.3,-4.6875,0,0,40.125,1.75,0
2019/1/24,-0.3,-12.9,-7.0375,0,0,42,1.5,0
2019/1/25,-4,-13.1,-7.975,0,0,41,2.75,0
2019/1/26,-1.5,-16.3,-10.8,0,0,56.57142857,1.142857143,0
2019/1/27,3.6,-13.9,-3,0,0,52.5,3.5,0.2
2019/1/28,-0.3,-11.3,-4.25,0,0,34,2.75,0
2019/1/29,4.9,-14.7,-4.1,0,0,41.875,3.125,0
2019/1/30,-1.2,-8.6,-4.525,0,0,30.5,3,0
2019/1/31,-4.6,-16.3,-9.7,0,0,30.125,2.125,0
2019/2/1,3.1,-8.9,-3.475,0,0,32,2.75,0
2019/2/2,6.5,-6,0.3125,0,0,52.5,2.375,0
2019/2/3,1.2,-9.7,-4.275,0,0,43.375,3.125,0
2019/2/4,-1.8,-16.9,-8.4125,0,0,34.125,2.25,0
2019/2/5,-2.7,-11.9,-7.0875,0,0,31.125,3.375,0
2019/2/6,-7.6,-12.7,-10.425,0,0,27,4.125,1
2019/2/7,-12.5,-20.4,-15.75,0,0,23.875,2.375,0
2019/2/8,-9.2,-22.8,-15.4875,0,0,33.25,1.25,0
2019/2/9,-7.6,-20.4,-13.625,0,0,36.75,1.25,0
2019/2/10,-6.1,-20.6,-13.5375,0,0,42.5,0.875,0
2019/2/11,-1.9,-17.5,-10.15,0,0,38.75,2,0
2019/2/12,-6.5,-16.9,-10.8625,0,0,28,1.5,0
2019/2/13,-5.5,-20.9,-13.525,0,0,37.5,0.625,0
2019/2/14,-2.1,-19.6,-9.425,0,0,33.625,1,0
2019/2/15,-3.6,-10,-6.55,0,0,68.875,2.125,1.8
2019/2/16,-2.1,-18.2,-10.1625,0,0,59.125,1,0
2019/2/17,3.1,-13.9,-4.675,0,0,48.5,1.875,0
2019/2/18,6.9,-12,-1.9875,0,0,41.25,1.75,0
2019/2/19,1.3,-2.9,-0.85,0,0,72.375,1.5,1.3
2019/2/20,3.8,-5.7,-1.0125,0,0,72.375,1.75,0.1
2019/2/21,7.4,-8.5,-0.6,0,0,57.75,1.375,0
2019/2/22,7.8,-8.7,-1.4625,0,0,59.625,1,0
2019/2/23,11.7,-8.2,2.375,0,0,45.875,1.75,0
2019/2/24,7.7,-2.6,3.3875,0,0,28.125,1.75,0
2019/2/25,5.6,-5.1,-0.225,0,0,33.625,1.25,0
2019/2/26,6.1,-7.2,-0.6625,0,0,40,1.375,0
2019/2/27,4.9,-8.1,-1.85,0,0,54.5,1.375,0
2019/2/28,10.4,-7.5,0.975,0,0,51.625,1.375,0
2019/3/1,11.8,-6.1,1.6625,0,0,50.375,1.375,0
2019/3/2,14.1,-5.5,4.3625,0,0,48.25,3,0
2019/3/3,14.3,-2.7,5.45,0,0,54.25,1.75,0
2019/3/4,11.6,-1.9,4.65,0,0,56,1.25,0
2019/3/5,10.5,-5.4,2.1,0,0,77.5,1.125,0
2019/3/6,5,-4,1.725,0,0,50.25,3.375,0
2019/3/7,8.8,-9.1,0.15,0,0,44.125,1.5,0
2019/3/8,14.3,-6.3,4.6,0,0,40,3.5,0
2019/3/9,11.7,4.7,7.4,0,0,34.875,2.625,0
2019/3/10,9.3,-1.3,4.6,0,0,32.875,1.375,0
2019/3/11,12.1,-3.8,5.125,0,0,32.625,2.75,0
2019/3/12,2.7,-1.9,0.3875,0,0,22.625,3.75,0
2019/3/13,6,-3.2,0.35,0,0,22.125,2.875,0
2019/3/14,8.5,-3.5,2.5875,0,0,33.25,3,0
2019/3/15,6.5,-4.5,1.2625,0,0,55.625,1.75,0.6
2019/3/16,9.4,-5.2,3.4375,0,0,50.875,2.625,0
2019/3/17,12.2,-5.9,5.3875,0,0,42.625,3.125,0
2019/3/18,18.1,6.1,10.9375,0,0,39.25,4.375,0
2019/3/19,20.1,5.5,12.8375,0,0,53.375,3.625,0
2019/3/20,14.8,4.8,11.0125,0,0,59,2,0.9
2019/3/21,2.1,-3.1,-0.15,0,0,65.75,3.875,9
2019/3/22,6.8,-6.7,1.325,0,0,52,2,0
2019/3/23,6.2,-0.1,2.35,0,0,40.125,3.25,0
2019/3/24,12.6,0.4,6.625,0,0,41.625,4.75,0
2019/3/25,16.5,-0.7,8.825,0,0,39.5,2.875,0
2019/3/26,11.1,1,5.8,0,0,17.625,1.75,0
2019/3/27,8.7,1.3,4.875,0,0,27.25,3.25,0
2019/3/28,9.4,-7.5,1.825,0,0,30.875,1.375,0
2019/3/29,12.8,-6.9,4.7,0,0,40.625,1.875,0
2019/3/30,4.4,1.1,2.375,0,0,70.5,2.375,1
2019/3/31,6.8,-4.9,1.55,0,0,46,2.625,0
2019/4/1,8.8,-5.4,2.25,0,0,42,2.375,0
2019/4/2,10.4,-2.2,4.2125,0,0,36.125,2.375,0
2019/4/3,15.1,-5.1,7.3625,0,0,34.5,3.875,0
2019/4/4,18.1,7.5,12.775,0,0,38.625,4.125,0
2019/4/5,13.6,0.7,8.55,0,0,22.875,3.25,0
2019/4/6,14.5,-3.4,6.8375,0,0,27.625,1.875,0
2019/4/7,10.9,-3,4.675,0,0,42.25,1.25,0
2019/4/8,13.6,1.2,6.85,0,0,33.375,1.625,0
2019/4/9,14.1,-0.2,8.4625,0,0,31.625,2.375,0
2019/4/10,15.8,2.5,10.1375,0,0,26.75,2,0
2019/4/11,17.8,-2.5,9.3,0,0,31.125,1.75,0
2019/4/12,20.4,6.8,13.5375,0,0,35.375,4.375,0
2019/4/13,12.3,5.5,10.1375,0,0,71.125,2.375,1.5
2019/4/14,13.9,3.9,8.5,0,0,35.875,2.5,0
2019/4/15,23.7,2.3,15.8375,0,0,23.625,3.875,0
2019/4/16,22.7,10.1,16.625,0,0,33.25,3.75,0
2019/4/17,22.3,7.3,15.925,0,0,43.75,4.75,0
2019/4/18,13,2.5,9.075,0,0,31,4,0
2019/4/19,20.1,0.6,10.475,0,0,22.5,1,0
2019/4/20,12,7.3,9.8,0,0,59.625,2,0.3
2019/4/21,19.8,0.3,11.2875,0,0,40.75,1.25,0
2019/4/22,28.2,7.8,18.45,0,0,29.75,3.875,0
2019/4/23,26.7,16.3,21.325,0,0,50.875,5,0
2019/4/24,16.8,6.9,11.45,0,0,53.25,4.125,2
2019/4/25,11.3,5.2,7.7125,0,0,59.125,1.875,0
2019/4/26,17.7,4.6,11.4375,0,0,32,2.25,0
2019/4/27,20.9,0.3,12.0875,0,0,43.625,3.75,0
2019/4/28,17.1,6.8,12.5125,0,0,52.25,3.75,0
2019/4/29,13.8,4.9,11.1125,0,0,62.25,1.75,0
2019/4/30,18.8,9.8,13.8875,0,0,66.25,1.625,0.4
2019/5/1,20.6,7,14.225,0,0,36.75,1.75,0
2019/5/2,27.4,3.8,16.7875,0,0,31.875,2.25,0
2019/5/3,30.5,8.4,20.7375,0,0,26.75,3.5,0
2019/5/4,28.9,13.8,22.8,0,0,30,4.75,0
2019/5/5,17.6,3.7,11.225,0,0,53.875,3.25,4.4
2019/5/6,21.5,0.2,12.2625,0,0,41.375,1.875,0
2019/5/7,25.5,11.7,18.3125,0,0,24.75,2.875,0
2019/5/8,26.7,15.8,20.25,0,0,28.25,4.5,0
2019/5/9,27.6,8.9,20.1875,0,0,35.25,2.5,0
2019/5/10,29.3,9.8,21.175,0,0,41.75,3.875,0
2019/5/11,29.2,9.9,21.1125,0,0,37.75,2,0
2019/5/12,27.6,8.6,20.1875,0,0,41.375,2.875,0
2019/5/13,17.7,10.6,14.5125,0,0,59.25,3.25,25
2019/5/14,25,11,18.425,0,0,41.25,3.25,0
2019/5/15,26.4,9.4,18.1875,0,0,47.75,3.25,0
2019/5/16,22.6,18.3,20.275,0,0,66.875,3.5,0
2019/5/17,26.9,16.9,22.1125,0,0,58.875,4,0
2019/5/18,26.6,15.3,22.1,0,0,56.125,3.25,0
2019/5/19,19.9,10.8,15.9125,0,0,80.375,2.25,7
2019/5/20,20.2,10.8,15.8,0,0,49.5,4.5,5
2019/5/21,23.3,14.9,19.525,0,0,28.875,3.875,0
2019/5/22,26.9,10.3,19.8875,0,0,37,2,0
2019/5/23,31.7,15.4,24.0625,0,0,31.5,3,0
2019/5/24,35.7,13.4,26.425,0,0,36.625,3.625,0
2019/5/25,34.7,20.3,27.4625,0,0,32.125,3.875,0
2019/5/26,23.9,18.5,21.7875,0,0,64,3.125,0
2019/5/27,18.6,9.6,13.2625,0,0,80,3.625,47
2019/5/28,24.1,6.7,15.8625,0,0,51.5,2.5,0
2019/5/29,27.5,8.2,19.9125,0,0,41.5,2.75,0
2019/5/30,21.6,15,19.5125,0,0,38.25,2,0
2019/5/31,24.3,12.5,19.425,0,0,45.75,2.75,0
2019/6/1,28.9,15.8,22.7,0,0,40,1.875,0
2019/6/2,26.8,15.7,20.7375,0,0,62.75,2.875,2
2019/6/3,23.2,15,18.3875,0,0,81.75,1.375,15
2019/6/4,24.5,15,20.3,0,0,73.875,1.125,0
2019/6/5,26.8,16.5,22.65,0,0,69.125,2.5,0
2019/6/6,29.7,17.3,23.525,0,0,67.625,1.75,0
2019/6/7,28,15.7,22.85,0,0,65.75,3,0
2019/6/8,26.2,17.2,21.3375,0,0,66.875,2.5,6
2019/6/9,22.2,15.5,18.0125,0,0,83.5,1.125,34
2019/6/10,24.4,15,19.3625,0,0,76.625,1.375,0
2019/6/11,24.3,15.9,20.4,0,0,75,2.5,0
2019/6/12,28.5,17.4,23.475,0,0,66,2.5,0
2019/6/13,22.5,16.8,19.5875,0,0,77.875,2,0.5
2019/6/14,26,15.2,20.9875,0,0,66.75,2,3
2019/6/15,20.8,16.6,18.35,0,0,65.5,3.375,0
2019/6/16,22.9,14.6,18.4,0,0,63.625,1.875,0
2019/6/17,25.2,13.1,21.2,0,0,56.83333333,1.5,0
2019/6/18,21.6,15.7,18.225,0,0,88,1,10
2019/6/19,28.2,13.8,21.9375,0,0,73.5,2.75,0
2019/6/20,27.4,19.5,23.1625,0,0,63,2.625,0
2019/6/21,27.3,17.4,22.6375,0,0,50.25,2.5,0
2019/6/22,28.8,13.7,22.125,0,0,58.25,2.125,0
2019/6/23,30.8,15,23.6375,0,0,57.5,1.375,0
2019/6/24,32.1,16.6,25.6,0,0,54.875,2,0
2019/6/25,30.4,20.9,25.75,0,0,51.25,3.25,0
2019/6/26,29.1,17.6,24.2375,0,0,60.75,2.875,0.3
2019/6/27,30.4,17.2,25,0,0,60.125,3,0
2019/6/28,26.1,19.4,22.3625,0,0,77.375,1.5,0
2019/6/29,21.7,17.7,19.375,0,0,90.375,1.25,38.6
2019/6/30,24.2,17,20.9125,0,0,66.625,1.5,0.2
2019/7/1,27,17.1,21.2,0,0,70,1.375,0
2019/7/2,28.9,15.5,22.625,0,0,68.875,2.5,0
2019/7/3,30,15.6,24.225,0,0,63.375,3.5,0
2019/7/4,31.9,19.6,26.6,0,0,60.125,3.25,0
2019/7/5,30.2,21.6,25.9125,0,0,64.125,2.25,0
2019/7/6,31.5,20.9,26.65,0,0,57.25,1.75,0
2019/7/7,30,21,24.0625,0,0,78.75,1.875,8
2019/7/8,30.4,18.6,24.425,0,0,74.875,1.125,2.8
2019/7/9,31.1,19.2,25.775,0,0,68.375,1.5,4
2019/7/10,29.2,20.4,25.1375,0,0,71.75,1.375,0.2
2019/7/11,27.1,20.6,23.15,0,0,72.375,1.75,21.2
2019/7/12,26.1,20,23.4125,0,0,77,1.875,0
2019/7/13,26.3,19.8,22.5375,0,0,85.5,0.625,26.5
2019/7/14,25.7,19.8,22.4875,0,0,87.125,0.75,13.4
2019/7/15,27.6,19.7,23.4875,0,0,82.5,1.375,0
2019/7/16,29.5,19.5,25.4,0,0,72.875,2.125,0
2019/7/17,28.4,21.1,24.7875,0,0,76.75,2.125,0
2019/7/18,29,22.1,25.725,0,0,76.25,2,1.2
2019/7/19,31.8,22.2,27.3125,0,0,70.625,1.25,0
2019/7/20,33.5,20.9,28.3875,0,0,69.25,1.875,0
2019/7/21,27.8,21.5,25.0625,0,0,83.125,1.25,4.3
2019/7/22,34.6,20.7,28.4375,0,0,72.875,2.375,0
2019/7/23,29.2,24.3,26.9875,0,0,76.125,1.5,0
2019/7/24,32.9,25.4,28.9,0,0,73.625,2.5,0.5
2019/7/25,29.9,23.5,27.3125,0,0,76.625,1.75,0.1
2019/7/26,32.5,21.6,27.2125,0,0,73.75,2.25,10
2019/7/27,33.8,25.1,29.5375,0,0,71.875,2.5,0
2019/7/28,34,22.4,29.0375,0,0,70.875,2.125,0
2019/7/29,33.6,25.9,29.6875,0,0,69,2.625,0
2019/7/30,31.6,24.3,27.6375,0,0,81.25,3.625,23
2019/7/31,32.5,24.8,28.1375,0,0,72.625,2.5,0
2019/8/1,32,23.5,27.8625,0,0,72.5,2.125,0
2019/8/2,30.2,21.5,25.45,0,0,79.625,0.75,0.2
2019/8/3,26.6,21.3,23.825,0,0,86.25,2.75,102.8
2019/8/4,28.8,22.1,25.55,0,0,81.625,1.5,0
2019/8/5,30.2,20.8,25.8875,0,0,84,0.875,0.1
2019/8/6,31.1,23.8,26.925,0,0,83.125,0.75,0.8
2019/8/7,30.8,24,27.0625,0,0,81.625,1.375,0
2019/8/8,28.5,22.2,24.7625,0,0,85.75,1.125,40.1
2019/8/9,31.3,20.9,26.0375,0,0,80.375,1.375,0
2019/8/10,29.4,22.2,24.4625,0,0,88,2.125,39
2019/8/11,22.8,21.8,22.45,0,0,94.5,2,16
2019/8/12,26.5,21,23.1625,0,0,89.75,2.875,46.1
2019/8/13,26.9,22.9,24.5125,0,0,90.875,1.5,18
2019/8/14,23.8,21,22.775,0,0,96,1.25,73
2019/8/15,26.1,21.2,23.375,0,0,88.375,2.125,40
2019/8/16,28.1,19.6,23.5375,0,0,81.125,2.125,32
2019/8/17,24.6,18.6,20.8125,0,0,84.25,2.5,18
2019/8/18,26.2,17.9,21.725,0,0,79.25,1.5,1.2
2019/8/19,29.7,16.5,22.95,0,0,76.125,0.875,0
2019/8/20,26.3,17.9,22.775,0,0,87.125,1.125,0.2
2019/8/21,27.5,21,24.1,0,0,69.25,2.625,1.8
2019/8/22,27.7,18.5,23.2,0,0,64.125,2.375,0
2019/8/23,25.1,18.2,21.7125,0,0,73.25,1.625,0
2019/8/24,27.1,16.6,21.5125,0,0,77.75,1.375,0
2019/8/25,29.3,15.5,22.8375,0,0,74.625,1.375,0
2019/8/26,29.1,18.4,23.5125,0,0,77.75,2.75,6.8
2019/8/27,28.2,19.7,23.0625,0,0,81,1.375,8.1
2019/8/28,26.5,17.1,21.1875,0,0,78.25,1.875,3.4
2019/8/29,21.1,16.5,18.3875,0,0,86.625,1.625,2
2019/8/30,22.8,15.9,19.025,0,0,86.625,1.75,0.4
2019/8/31,27.4,13,19.85,0,0,77.5,1,0
2019/9/1,29.5,13.7,22.05,0,0,69.875,2.875,0
2019/9/2,30,15.7,23.8,0,0,62.125,2.25,0
2019/9/3,30.1,16.7,22.9625,0,0,74.75,1.25,0
2019/9/4,29.9,16.7,23.1875,0,0,76.75,1.125,0
2019/9/5,22.8,19.2,21.0625,0,0,97.375,1.375,6.1
2019/9/6,26.8,20.2,23.0375,0,0,86.25,1.125,0.2
2019/9/7,23.4,19.4,21.5,0,0,94.625,2.375,3
2019/9/8,28.2,19.4,23.4875,0,0,85.625,1.75,0.2
2019/9/9,27.6,18.9,22.1625,0,0,67.875,1.75,0
2019/9/10,20.7,17,18.825,0,0,64.25,2.125,0
2019/9/11,24.2,12.3,17.825,0,0,61,2.125,0
2019/9/12,24.3,12.6,18.4,0,0,80.375,1.75,0
2019/9/13,20.4,16.5,18.1,0,0,96.5,1.375,20
2019/9/14,24.1,13.7,18.2625,0,0,80,1.125,0.1
2019/9/15,25.1,10.2,19.3375,0,0,75.625,2.5,0
2019/9/16,21.2,9,15.875,0,0,54,2.375,1.4
2019/9/17,23.3,5.5,14.8375,0,0,65.875,2.375,0
2019/9/18,18.5,6.6,13.2875,0,0,44.375,3.125,0
2019/9/19,23.4,5.2,14.7,0,0,75.375,3.375,0
2019/9/20,25.8,9.3,18.075,0,0,74.75,2.875,0
2019/9/21,24.7,11.3,17.5,0,0,66,3,0
2019/9/22,23.8,7.8,16.5375,0,0,57,3.125,0
2019/9/23,24.7,7.9,15.5,0,0,70.5,1.125,0
2019/9/24,23.1,8.4,15.65,0,0,71.125,2.375,0
2019/9/25,27.6,8.3,17.8125,0,0,67,2.875,0
2019/9/26,28.1,11.7,19.35,0,0,73,2.375,0
2019/9/27,27,11.5,18.7375,0,0,74.75,2.5,0
2019/9/28,26.5,12.1,19.3,0,0,72.375,3.75,0
2019/9/29,24,14.8,18.8,0,0,86.625,1.625,0
2019/9/30,28.8,14.5,20.825,0,0,75.75,3.875,0
2019/10/1,29.4,14.5,21.275,0,0,71.125,3.5,0
2019/10/2,27.1,-10.8,15.0875,0,0,76.625,1.5,0
2019/10/3,17,10.6,14.4375,0,0,76,7,0
2019/10/4,9.1,4.5,6.9625,0,0,74.625,7.75,0.1
2019/10/5,14.7,2.3,8,0,0,49,4.125,0
2019/10/6,12.7,-11.1,4.0875,0,0,69.25,2,0
2019/10/7,21.5,2.7,13.1875,0,0,62.375,6,0
2019/10/8,15.6,6.8,10.575,0,0,34.375,4.625,0
2019/10/9,21.5,3.5,13.6375,0,0,65.125,4.5,0
2019/10/10,21.1,-7.2,13.2625,0,0,50.875,4.5,0
2019/10/11,18.9,7.2,12.375,0,0,34.25,2.5,0
2019/10/12,16.8,7.1,11.4125,0,0,36.75,2.75,0
2019/10/13,8,0.9,5.1625,0,0,53.75,3,0
2019/10/14,9.4,-2.6,2.7875,0,0,54.25,1.625,0
2019/10/15,13.7,-3.8,4.475,0,0,50.5,1.375,0
2019/10/16,17.9,-1.5,7.4375,0,0,54.375,1,0
2019/10/17,18.3,3.4,9.15,0,0,55.375,1,0
2019/10/18,19.5,3.1,11.5375,0,0,64.625,1.125,0
2019/10/19,19.4,7.8,12.3,0,0,80.875,1.125,0
2019/10/20,20.1,9.8,15.225,0,0,69,2.25,0
2019/10/21,20.1,5.6,11.7875,0,0,46.25,1,0
2019/10/22,19.9,4.2,11.0625,0,0,77.75,0.875,0
2019/10/23,20.6,5.8,11.7625,0,0,82.25,1,0
2019/10/24,21.7,-20.1,9.2,0,0,66.875,1.75,0
2019/10/25,6.6,1.6,4.7,0,0,66.5,2.5,5
2019/10/26,9.4,-2.9,2.55,0,0,70.25,1.375,0
2019/10/27,15.8,-6.3,4.7875,0,0,65,1.25,0
2019/10/28,17.1,3.1,9.55,0,0,69.5,3,4
2019/10/29,10.6,-0.2,5.3625,0,0,54,1.625,0
2019/10/30,18.7,-1.2,10.4375,0,0,63.25,2.625,0
2019/10/31,18.1,8.8,13.1875,0,0,40.875,2.125,0
2019/11/1,12.3,-0.1,6.675,0,0,35.5,1.375,0
2019/11/2,14.7,-1.6,6.775,0,0,45.375,2.125,0
2019/11/3,6,-0.4,2.5375,0,0,38.25,3.5,0
2019/11/4,10,-2.6,2.1875,0,0,49.5,1.25,0
2019/11/5,8.6,-3.7,1.8,0,0,51.875,1.125,0
2019/11/6,9.9,-5.2,2.325,0,0,47.5,1.5,0
2019/11/7,4.3,-4.8,0.0375,0,0,43.125,2.25,0
2019/11/8,12.3,-6.2,2.4625,0,0,53.625,1.125,0
2019/11/9,14.8,-2.8,4.775,0,0,56.75,1.75,0
2019/11/10,13.4,3.7,9.6875,0,0,64.625,1.5,0
2019/11/11,11.8,-0.6,6.925,0,0,65.125,2,6
2019/11/12,14.5,-2.2,5.8125,0,0,66,1.625,0
2019/11/13,10.5,-5.3,0.9375,0,0,44.125,3.375,0
2019/11/14,2.3,-11.7,-3.4625,0,0,58.125,2.375,2
2019/11/15,0.6,-6.4,-3.271428571,0,0,51.85714286,2,7
2019/11/16,2.3,-8.6,-2.6375,0,0,61.5,1.5,0
2019/11/17,2.6,-0.5,0.925,0,0,76.125,2.125,11
2019/11/18,-2.7,-5.7,-3.8625,0,0,37.125,4.25,1.6
2019/11/19,-2.4,-11.4,-5.7375,0,0,39.75,2.75,0
2019/11/20,4.7,-12.9,-4.55,0,0,68.125,1.125,0
2019/11/21,7,-4.2,2.9875,0,0,80.25,1.5,0
2019/11/22,11.5,2.7,8.275,0,0,73.625,2.25,0
2019/11/23,10.8,-0.2,4.55,0,0,90.75,3.25,15.3
2019/11/24,-0.4,-6,-3.0625,0,0,43.75,4.25,0.2
2019/11/25,-2.2,-11.3,-7.15,0,0,54.125,1.25,0
2019/11/26,4.6,-11.7,-2.575,0,0,61.375,2.625,0
2019/11/27,-4.3,-8.6,-6.3625,0,0,37,2.875,0
2019/11/28,-3.7,-14.3,-9.4625,0,0,53.875,0.875,0
2019/11/29,-1.1,-13.8,-7.7875,0,0,58,1,0
2019/11/30,0.3,-6.6,-2.3,0,0,80.25,1.5,1.8
2019/12/1,-1.9,-12.2,-6.7625,0,0,62.75,1.125,0
2019/12/2,-3.4,-11.2,-6.7125,0,0,47.625,2.375,0
2019/12/3,-3.3,-11.9,-8.975,0,0,50.75,1.375,0
2019/12/4,-7.8,-12.7,-10.425,0,0,41.625,1.5,0
2019/12/5,-12,-18.7,-15.2125,0,0,39.625,1.625,0
2019/12/6,-1,-20.6,-8.825,0,0,60.125,2.125,0
2019/12/7,-2.7,-12.3,-6.775,0,0,52.625,1.375,0
2019/12/8,4,-13.4,-3.3125,0,0,61.375,1.875,0
2019/12/9,4.7,-5.2,1.75,0,0,72.25,1.375,0
2019/12/10,1.9,-9,-2.6,0,0,82.375,1,0
2019/12/11,-2.4,-10.3,-4.9,0,0,78.5,2.125,0.2
2019/12/12,-0.5,-13.2,-6.325,0,0,62.25,1.625,0.1
2019/12/13,3.9,-5.2,-0.0375,0,0,53.5,2.5,0
2019/12/14,0.2,-10.2,-4.9875,0,0,58.625,1,0
2019/12/15,5.6,-12.5,-3.9,0,0,61.875,1.125,0
2019/12/16,0.7,-5,-0.8125,0,0,90.125,0.375,29.5
2019/12/17,1.7,-11.8,-4.1875,0,0,65,3.125,24
2019/12/18,-6,-15.1,-11.475,0,0,73,0.875,0
2019/12/19,-5.4,-15.7,-11.8,0,0,73.375,1.25,0
2019/12/20,-2.6,-17.2,-8.5375,0,0,66.625,1.75,0
2019/12/21,-1.3,-11,-5.125,0,0,62.875,1.5,0
2019/12/22,-4,-10.9,-7.5,0,0,72.75,2.125,0
2019/12/23,-6.9,-15.4,-10.625,0,0,66,1.875,0
2019/12/24,-1,-16.5,-8.925,0,0,68,1.25,0
2019/12/25,0.1,-12.3,-5.842857143,0,0,73,2.571428571,0
2019/12/26,-9.8,-16.9,-12.6,0,0,70,1.375,0
2019/12/27,-4.1,-18.3,-11.8875,0,0,77.25,1.125,0
2019/12/28,3.4,-9.7,-3.9125,0,0,78.75,1.25,0
2019/12/29,4.9,-12.1,-4.914285714,0,0,83.71428571,1.285714286,3
2019/12/30,-12.6,-17.6,-14.925,0,0,62.375,1.875,3.4
2019/12/31,-6.5,-21.3,-13.6625,0,0,64.875,1.625,0
2020/1/1,-6.2,-18.5,-13.7375,0,0,70.25,0.75,0
2020/1/2,-4.6,-19.5,-13.0625,0,0,71,1,0
2020/1/3,-2.4,-17.5,-10.8875,0,0,75.125,0.875,0
2020/1/4,-1.7,-15.4,-10.275,0,0,78.25,0.375,0
2020/1/5,-0.5,-14.7,-8.35,0,0,75.25,1.375,0
2020/1/6,0.9,-7.2,-2.325,0,0,77.25,0.875,0.3
2020/1/7,0,-10.3,-7.1125,0,0,73.125,3.75,0
2020/1/8,-6.4,-10.2,-7.8,0,0,77.25,1.875,1.2
2020/1/9,-3.1,-13.4,-7.95,0,0,78,1.125,0
2020/1/10,-2.4,-15.9,-10.525,0,0,77,1.125,0
2020/1/11,-6.3,-16.3,-10.7,0,0,63.125,1.25,0
2020/1/12,-8.4,-18.6,-14.8875,0,0,72.125,0.75,0
2020/1/13,-6.9,-20.4,-14.4875,0,0,67.25,1.125,0
2020/1/14,-6.6,-19.2,-14.5,0,0,68.875,1.25,0
2020/1/15,-5.8,-20.4,-14.2125,0,0,70.25,0.625,0
2020/1/16,-5.8,-19.1,-13.85,0,0,70.875,1,0
2020/1/17,-3.8,-18.4,-12.075,0,0,69.875,1.125,0
2020/1/18,-1.7,-18.6,-9.5125,0,0,67.375,0.625,0
2020/1/19,-3.4,-15.6,-7.15,0,0,70.25,1.625,3.2
2020/1/20,-3.5,-17,-11.4,0,0,66.75,1.5,0
2020/1/21,2.5,-16.3,-6.575,0,0,60.5,2,0
2020/1/22,0,-7.9,-2.7625,0,0,87.625,0.75,0.4
2020/1/23,-0.5,-13,-3.6875,0,0,67.625,2.375,0.2
2020/1/24,-5,-14.7,-9.75,0,0,48.5,1.5,0
2020/1/25,-0.6,-16.4,-8.825,0,0,54.25,1.375,0
2020/1/26,-1.1,-16.2,-9.35,0,0,64.375,1.25,0
2020/1/27,1.8,-14.4,-5.6625,0,0,61.75,1.125,0
2020/1/28,0.7,-9.3,-4.75,0,0,63.25,1.5,0
2020/1/29,-8.1,-12.8,-10.825,0,0,67.75,3.875,0
2020/1/30,-7.3,-15.1,-11.6,0,0,66.125,3.125,0
2020/1/31,-2.6,-18.9,-11.3625,0,0,70.25,0.625,0
2020/2/1,-1.6,-15.7,-9.775,0,0,67.125,0.75,0
2020/2/2,-5.3,-14.5,-9.85,0,0,66.25,1.125,0
2020/2/3,-6,-15.2,-10.3,0,0,63.625,1.5,0
2020/2/4,-8.4,-15.4,-12.0625,0,0,42.375,2.375,0
2020/2/5,-12.7,-19.2,-15.85,0,0,42.125,1.875,0
2020/2/6,-6.9,-21.3,-13.6,0,0,53.25,1.75,0
2020/2/7,-2,-12.4,-6.8125,0,0,60.25,1.375,0.3
2020/2/8,-2.5,-14.9,-8.9625,0,0,61.125,1.375,0
2020/2/9,4.5,-15.2,-4.4625,0,0,74.625,2.625,0
2020/2/10,6.9,-6.9,-1.025,0,0,76,1.125,0
2020/2/11,11,-4.3,3.55,0,0,72.875,2.625,0
2020/2/12,12.1,-1.1,5.65,0,0,73.125,2.125,0
2020/2/13,10.7,-2.3,4.3375,0,0,82,3,0
2020/2/14,-3.4,-7.3,-5.275,0,0,75,4,1
2020/2/15,-4.8,-8.4,-7.05,0,0,73.125,4.75,24
2020/2/16,-5.9,-10.3,-8.0875,0,0,55.5,5,9.4
2020/2/17,-6.3,-16.2,-11,0,0,51.375,2.75,0
2020/2/18,1.4,-18.6,-7.9625,0,0,69.5,1,0
2020/2/19,3.2,-10.8,-4.1875,0,0,71,0.875,0
2020/2/20,5.3,-7.9,-1.825,0,0,67.125,1.125,0
2020/2/21,1.6,-0.4,0.7625,0,0,93.75,1.375,39
2020/2/22,1.3,-2.9,-1.0125,0,0,49.625,2.625,0.1
2020/2/23,7.1,-8.1,0.8875,0,0,62.25,2.375,0
2020/2/24,6.2,-3,1.9,0,0,58.5,1.875,0
2020/2/25,3.6,-1.8,1.385714286,0,0,48,3.714285714,0
2020/2/26,2.2,-4.9,-1.575,0,0,53.625,2.5,0
2020/2/27,4.8,-8.1,-1.75,0,0,61.375,1.375,0
2020/2/28,4.6,-3.9,0.8125,0,0,64.75,2.125,0
2020/2/29,1.9,-0.8,0.2875,0,0,66.125,1.375,0
2020/3/1,2.7,-1.4,0.3125,0,0,55.25,2.625,0
2020/3/2,2.2,-3.8,-1.2875,0,0,65.25,1.75,0
2020/3/3,3.6,-2.2,-0.05,0,0,77.375,2,4.2
2020/3/4,-1.9,-7.5,-4.0625,0,0,70.75,2.625,5.5
2020/3/5,4.9,-10.4,-2.0875,0,0,65.5,2.5,0
2020/3/6,6.4,-3.9,2.2,0,0,71.25,2.25,0
2020/3/7,4.5,2.2,3.3,0,0,89.875,0.75,4.9
2020/3/8,9.2,1.4,5.3375,0,0,82,2.125,0
2020/3/9,4.1,2.2,3.2,0,0,84.71428571,2.142857143,10.9
2020/3/10,3.8,-1.7,1.375,0,0,50.5,2.875,0
2020/3/11,7,-4,1.8,0,0,44.875,2.375,0
2020/3/12,6.6,-1.4,2.8125,0,0,37.625,2.5,0
2020/3/13,3.3,-7.7,-0.675,0,0,38,2.25,0
2020/3/14,7.7,-3.8,2.985714286,0,0,46.42857143,2.714285714,0
2020/3/15,2.2,-4.9,-0.8,0,0,35.375,3.625,0
2020/3/16,6.4,-10.1,0.025,0,0,47.5,3.5,0
2020/3/17,13.4,0.3,6.05,0,0,47.25,2.75,0
2020/3/18,18.5,-1.5,9.6,0,0,46.125,3.625,0
2020/3/19,8.4,-0.1,5.5375,0,0,43.625,3.125,0.2
2020/3/20,15.4,-2.8,7.325,0,0,48.75,2.5,0.1
2020/3/21,11,-1,5.325,0,0,31.5,1.5,0
2020/3/22,12.5,-2.1,5.8875,0,0,43.75,1.625,0
2020/3/23,12.4,0.6,6.875,0,0,46,1.875,0
2020/3/24,18.5,-1.7,8.775,0,0,44,1.75,0
2020/3/25,16.1,7.5,11.3375,0,0,36.125,3.125,0
2020/3/26,10.1,0.6,4.475,0,0,79,2.5,3.9
2020/3/27,7.8,-4.1,2.925,0,0,40.125,2.125,0.4
2020/3/28,8.7,-5.7,2.825,0,0,30.625,1.875,0
2020/3/29,14.4,-3.2,6.5,0,0,29.75,2.875,0
2020/3/30,17.6,-1.3,9.5875,0,0,39,3.5,0
2020/3/31,14.1,8.5,11.375,0,0,31.625,3.125,0
2020/4/1,12.8,3.5,7.475,0,0,22.25,2.375,0
2020/4/2,18.4,1.7,10.6,0,0,28.625,3.375,0
2020/4/3,19.6,4.7,11.0875,0,0,39.25,3.875,0
2020/4/4,7.7,-1.8,3.55,0,0,23.125,3,0
2020/4/5,12.3,-7,3.65,0,0,31,1,0
2020/4/6,17.6,-2.3,8.8125,0,0,32.875,2,0
2020/4/7,11.9,3.1,7.6125,0,0,26.25,2.875,0
2020/4/8,9.1,-2.1,4.7125,0,0,44.125,2,0
2020/4/9,9.8,0.7,5.225,0,0,56.375,2.125,0
2020/4/10,15.2,-1.2,7.0875,0,0,46.25,1.75,0
2020/4/11,19,-2.1,9.95,0,0,35.375,2.375,0
2020/4/12,17.8,6.4,12.075,0,0,26.875,3.25,0
2020/4/13,20.8,1.3,11.7125,0,0,35.375,1.125,0
2020/4/14,23.3,3.1,15.075,0,0,33.25,2.875,0
2020/4/15,24.5,6.5,15.95,0,0,37,2.5,0
2020/4/16,21.2,4.3,15,0,0,36.375,2.25,0
2020/4/17,14.2,10.2,12.5,0,0,63.375,1.625,2.3
2020/4/18,21.8,7.2,14.025,0,0,56.875,1,0.1
2020/4/19,17.3,7.7,11.55,0,0,70.25,1.625,4
2020/4/20,9.6,5.2,7.5125,0,0,55.5,3.875,58
2020/4/21,5.6,1.9,3.5625,0,0,33.75,5.375,0
2020/4/22,6.9,-0.6,2.8875,0,0,62.375,2.25,1.2
2020/4/23,12.1,-3.2,5.75,0,0,51,1.625,0
2020/4/24,16.7,3.3,11.9125,0,0,38,3,0
2020/4/25,14.8,3.5,9.35,0,0,46.375,3.125,0
2020/4/26,15.3,3.5,9.6375,0,0,38.875,2.125,0
2020/4/27,19.1,0.3,11.625,0,0,39,1.625,0
2020/4/28,23.4,10.9,17.4375,0,0,36.375,3.875,0
2020/4/29,22.8,12.4,18.025,0,0,46.375,2.875,0
2020/4/30,22.6,10.6,16.3625,0,0,58.875,2.625,0
2020/5/1,29.3,13.9,21.0625,0,0,58.625,3.5,0
2020/5/2,30,13.9,22.575,0,0,58.5,3.5,0
2020/5/3,20.5,5.6,13.9125,0,0,78.125,2.875,8.5
2020/5/4,16.4,5.3,9.725,0,0,62.125,2.5,3.7
2020/5/5,23.3,3.7,15.0125,0,0,51,1.625,0
2020/5/6,24.9,6.3,17.1875,0,0,36.875,2.125,0
2020/5/7,24,10.1,18.5125,0,0,38.125,2.5,0
2020/5/8,18,11.4,13.775,0,0,83.125,2.375,38
2020/5/9,18.5,11.7,14.6,0,0,89,1.125,9.4
2020/5/10,24.7,13.5,18.7875,0,0,53.625,4.125,0
2020/5/11,22.5,10.9,17.3,0,0,33.25,4.625,0.8
2020/5/12,19.8,9.6,14.55,0,0,49.125,3.125,12
2020/5/13,26.7,11.5,19.75,0,0,42.375,3.25,0
2020/5/14,27.6,17.3,22.5625,0,0,37.625,4.625,0
2020/5/15,16.3,13.6,14.8625,0,0,74.5,1.25,6.8
2020/5/16,20.1,13.5,16.7875,0,0,81.625,1.25,19.2
2020/5/17,22.2,14.4,17.3875,0,0,71.25,2.125,97.1
2020/5/18,16.4,13.4,14.625,0,0,82.875,3.25,47
2020/5/19,15.5,11.9,13.65,0,0,85.375,2.375,79
2020/5/20,20.2,10.6,15.25,0,0,73.625,1.375,0
2020/5/21,21.3,11.3,16.225,0,0,74.5,2.125,1.4
2020/5/22,14.5,12.2,13.475,0,0,96.625,1.125,112
2020/5/23,19,13.1,15.3625,0,0,88.25,1.75,15.8
2020/5/24,23.7,14.6,19.175,0,0,71.25,2.75,4
2020/5/25,24.7,13.1,18.875,0,0,52.75,2,0
2020/5/26,22.8,10.8,17.2375,0,0,55.75,1.75,0
2020/5/27,18.6,11,15.25,0,0,81.625,2.5,8.5
2020/5/28,24.8,8.9,17.4,0,0,70.375,2,0
2020/5/29,28.3,12.1,21.325,0,0,55.625,2.25,0
2020/5/30,28.9,16.5,22.9875,0,0,47.625,3,0
2020/5/31,24.5,14.4,17.9125,0,0,74.125,2.5,32
2020/6/1,24.5,13.1,18.7375,0,0,57.25,3.25,54
2020/6/2,21.1,13.2,17.125,0,0,72.25,2.375,4
2020/6/3,24.3,14.5,19.6125,0,0,65.125,2.625,0
2020/6/4,24,14.7,19.85,0,0,48.75,2,0
2020/6/5,26.9,12.4,19.9125,0,0,59.875,1.875,0
2020/6/6,29.3,13.6,21.9875,0,0,55.125,1.625,0
2020/6/7,30.3,16.3,23.8,0,0,56.75,2.25,0
2020/6/8,32.5,19.3,25.85,0,0,61.375,2.625,0
2020/6/9,28.5,20.3,24.925,0,0,63.75,1.75,0
2020/6/10,25.6,18.8,22.8,0,0,73.625,2.5,1
2020/6/11,28.3,18.3,23.375,0,0,57.5,1.625,2
2020/6/12,30.3,18,25.0375,0,0,56.125,3.25,0
2020/6/13,29.9,18.8,24.3,0,0,62.375,3,2
2020/6/14,28.5,18.4,23.35,0,0,56.25,3,6
2020/6/15,27.4,17.6,23.25,0,0,52.25,2.5,0
2020/6/16,30.4,13.6,23.6875,0,0,54.5,2,0
2020/6/17,31.9,16.6,25.725,0,0,52.625,2.5,0
2020/6/18,30,19.4,25.025,0,0,54.375,2.125,0
2020/6/19,31.2,17.6,25.375,0,0,51.875,1.625,0
2020/6/20,31.6,19.3,26.7875,0,0,54.5,3.75,0
2020/6/21,31.6,23.7,27.1875,0,0,56.375,3.75,0
2020/6/22,30.3,19.9,25.825,0,0,59.875,3,0
2020/6/23,26.4,20.5,23.575,0,0,59,2.375,0
2020/6/24,22.3,19.1,21.025,0,0,77,2.125,0.4
2020/6/25,26.9,19.8,23.3,0,0,71.5,2.375,21
2020/6/26,24.4,17.3,20.325,0,0,74.75,2,90
2020/6/27,27,16.7,21.8625,0,0,74.375,1.375,0
2020/6/28,30.4,16.9,23.9125,0,0,72.625,1.375,0
2020/6/29,28.7,18.6,24.3375,0,0,74,1.375,0
2020/6/30,28.1,20.8,24.475,0,0,69.625,1.75,12
2020/7/1,30,19.9,25.4125,0,0,63.75,1.375,0
2020/7/2,30.9,19,24.5375,0,0,68.75,2,0
2020/7/3,29.6,20.9,25.4,0,0,68.375,1.75,0
2020/7/4,27,21.6,24.0125,0,0,72.125,2.875,4
2020/7/5,26.8,21.3,24.1875,0,0,64.125,3,4
2020/7/6,25.3,16.3,22,0,0,71.125,1.625,0
2020/7/7,28.4,19.7,23.5125,0,0,63.125,2.125,0
2020/7/8,30,14.2,22.5125,0,0,59.875,1.25,0
2020/7/9,32,15.6,24.225,0,0,54.625,1.625,0
2020/7/10,32.1,18.8,26.375,0,0,57.375,1.375,0
2020/7/11,,,,,,,,
