date,tmax,tmin,tav,数据检测,数据检测,平均相对湿度,平均风速,降水量
2016/1/1,10.3,3.1,6.675,0,0,69.875,1.125,0
2016/1/2,14.7,3.8,9.4125,0,0,75.25,1,0
2016/1/3,16.6,5,10.3625,0,0,88.375,0.625,0.8
2016/1/4,12.5,5.3,9.0375,0,0,95.125,2.125,8
2016/1/5,5.7,4.7,5.0875,0,0,96.125,2,3.3
2016/1/6,7,4.8,5.85,0,0,92,1.875,0.2
2016/1/7,6.2,2.6,4.5875,0,0,89.5,2.5,0
2016/1/8,5.3,-0.7,2.4375,0,0,95.875,1,0
2016/1/9,6.1,2.9,4.825,0,0,94.25,1.125,4
2016/1/10,6.7,5.2,5.8875,0,0,94.75,1.625,5.3
2016/1/11,5.1,2.1,3.2625,0,0,94.5,2.875,3.1
2016/1/12,2.4,1.1,1.85,0,0,92.5,2.5,0.1
2016/1/13,6.9,0.8,3.5125,0,0,74.375,1.375,0
2016/1/14,8.8,2.4,5,0,0,77,0.875,0
2016/1/15,9.1,-2.3,2.775,0,0,88.75,1.125,0
2016/1/16,7.4,-1.5,3.3625,0,0,94.875,1.25,3
2016/1/17,11.8,2.7,6.7,0,0,74.125,2.125,0.2
2016/1/18,6.1,-0.8,2.7125,0,0,70.25,3.375,0
2016/1/19,7.1,1.2,4.185714286,0,0,54.71428571,2.285714286,0
2016/1/20,5.2,0.9,3.525,0,0,62.75,2.125,0
2016/1/21,2.2,-0.5,0.9625,0,0,89.125,1.625,2
2016/1/22,1.8,-0.4,0.75,0,0,92,3.75,3.7
2016/1/23,1.9,-2.4,-0.7625,0,0,51.25,3.5,0.6
2016/1/24,0.6,-6.8,-3.2875,0,0,51.375,2.625,0
2016/1/25,4.3,-9,-1.8,0,0,59.875,1.75,0
2016/1/26,7.2,-5.1,1.8,0,0,64,0.875,0
2016/1/27,7.4,-1.4,3.8375,0,0,70.5,1.25,0
2016/1/28,6.6,4,5.2875,0,0,81.25,1.125,1.5
2016/1/29,5,3.3,4.15,0,0,81.375,3.125,0
2016/1/30,5.5,3.2,4.2125,0,0,92.75,1.875,0.4
2016/1/31,3.7,-0.8,0.9,0,0,94.5,4.125,7
2016/2/1,3,-2.8,-0.2375,0,0,76,3.25,0
2016/2/2,5.4,-5.3,-0.5,0,0,79,1.125,0
2016/2/3,8.5,-4.2,2.05,0,0,72.875,0.75,0
2016/2/4,11.5,1.1,5.55,0,0,67.625,0.875,0
2016/2/5,11.5,-2.2,4.5125,0,0,61.5,2,0
2016/2/6,8.9,-4.4,2.725,0,0,49.75,1.625,0
2016/2/7,14.4,-0.2,5.875,0,0,59.25,2,0
2016/2/8,19.4,0.5,8.6,0,0,67.5,2.125,0
2016/2/9,21.9,5,12.6375,0,0,58.5,2,0
2016/2/10,15.6,11.8,13.5,0,0,61.75,1.375,0.9
2016/2/11,18.6,10.5,14.8,0,0,82.28571429,1.428571429,0.2
2016/2/12,18.6,10.7,14.5875,0,0,94.25,2.125,8.3
2016/2/13,10.4,3.2,8,0,0,78.375,5.625,4.7
2016/2/14,4.8,0.8,3.325,0,0,63.375,3.5,8
2016/2/15,8.1,-3.5,2.25,0,0,57.5,1.5,0
2016/2/16,11.6,-3.1,3.6125,0,0,68,1.25,0
2016/2/17,13.4,0.1,6.0625,0,0,71.875,0.875,0
2016/2/18,16.1,-0.1,7.4625,0,0,68,1,0
2016/2/19,14.1,3.8,8.4875,0,0,62,1.5,0
2016/2/20,14.4,2,7.2,0,0,57.125,1.5,0
2016/2/21,11.1,2,7.2875,0,0,59.375,2,0
2016/2/22,10,4.7,6.65,0,0,85.25,1.5,8
2016/2/23,12,3.1,7.825,0,0,80.125,2.625,0
2016/2/24,14.1,2.3,7.475,0,0,75.375,1.125,0
2016/2/25,16.8,2.7,9.385714286,0,0,70.71428571,1.857142857,0
2016/2/26,17.1,8.8,12.6375,0,0,61.375,3.125,0
2016/2/27,18.7,7.5,12.025,0,0,73.5,2.25,0
2016/2/28,19.1,6.4,12.35,0,0,61.875,2.625,0
2016/2/29,16.8,2.4,9.0125,0,0,63.5,1.625,0
2016/3/1,19.1,8.6,12.5875,0,0,53,1.75,0
2016/3/2,19.9,9.6,13.7875,0,0,64.25,0.875,0
2016/3/3,19.2,11.8,14.5125,0,0,81.375,0.75,1.2
2016/3/4,22.9,13.2,17.0375,0,0,80.875,1.5,0
2016/3/5,20.8,11.7,16.0875,0,0,60,2.875,0
2016/3/6,22.6,7.5,14.8375,0,0,77.875,1.5,0
2016/3/7,24.1,12.1,18.1375,0,0,80.625,2,5
2016/3/8,13.9,5.3,8.675,0,0,93.125,6.625,44
2016/3/9,6.1,0.4,4.3125,0,0,78,5,0.5
2016/3/10,9.6,0.8,5.2875,0,0,68,2.25,5
2016/3/11,11.5,-0.1,5.7,0,0,74.625,1.5,0
2016/3/12,12.8,2.6,8.925,0,0,71.25,1.875,0
2016/3/13,15,6.9,11.1875,0,0,69,2.625,0
2016/3/14,15.5,2.8,9.825,0,0,71.5,1.75,0
2016/3/15,14.5,7.6,11.425,0,0,69.75,1.125,0
2016/3/16,17.9,5.2,12.3,0,0,73.375,0.625,0
2016/3/17,15.3,12.8,13.8125,0,0,83.625,0.75,0.1
2016/3/18,20.4,11.2,14.9625,0,0,71.5,1.625,0
2016/3/19,23.6,8.5,16.2625,0,0,72.375,1.5,0
2016/3/20,21,14.3,17.6,0,0,73.625,2.875,0
2016/3/21,19.1,12,15.0625,0,0,67.625,1.625,8
2016/3/22,20.4,10.1,15.8625,0,0,66,1.125,0
2016/3/23,15.8,12.7,14.2,0,0,62.25,4.5,0.8
2016/3/24,15.8,10.7,13.125,0,0,43.25,3.25,0
2016/3/25,16.3,4.9,10.4625,0,0,51.75,1.5,0
2016/3/26,14.8,5,8.65,0,0,79,2.125,0.7
2016/3/27,19.1,2.8,10.925,0,0,70.875,2,0
2016/3/28,22.2,5.8,14.6125,0,0,56,2.75,0
2016/3/29,17.4,13.1,15.5375,0,0,68.75,1.875,2
2016/3/30,13.4,12.7,12.9625,0,0,98.5,1,8
2016/3/31,19.6,12.2,14.925,0,0,84.875,1.125,0.4
2016/4/1,25.6,13.5,19.75,0,0,73.5,2.25,0
2016/4/2,23.6,19.1,20.9875,0,0,87.875,1.875,10.1
2016/4/3,18.3,12.2,14.075,0,0,91.875,3.5,14
2016/4/4,18.2,12.1,15.375,0,0,78,1.375,0
2016/4/5,17.9,15,16.275,0,0,92.5,2.25,21
2016/4/6,14.8,13.6,14.375,0,0,100,1.625,76
2016/4/7,21.8,14.1,17.15,0,0,89.25,1,0.2
2016/4/8,23.4,12.6,18.4375,0,0,88.5,0.75,0
2016/4/9,22.9,16.9,19.4125,0,0,88,0.75,0.1
2016/4/10,26.9,16.8,21.1375,0,0,78.625,0.875,0
2016/4/11,27.2,16.3,22.125,0,0,53,2.375,0
2016/4/12,25.5,15.5,21.1,0,0,72.5,1.25,0
2016/4/13,27.8,15.5,21.6625,0,0,77.625,1,0
2016/4/14,28.9,16.4,22.7625,0,0,69.625,2.375,0.7
2016/4/15,24.6,20.1,22.175,0,0,72.625,2.375,0.2
2016/4/16,20.4,15,17.3625,0,0,85.25,3.625,9
2016/4/17,16.9,11.6,13.8125,0,0,93,1.75,2
2016/4/18,21.4,10.1,15.375,0,0,83.375,1.75,0.1
2016/4/19,25.6,12,20.525,0,0,69.125,2.375,0
2016/4/20,19.3,16.7,18.45,0,0,99.5,2.5,20
2016/4/21,24.5,15.4,19.6875,0,0,82.75,1.25,2
2016/4/22,24,17.1,20.95,0,0,79.5,1.375,0
2016/4/23,20.7,17.2,18.6125,0,0,83.625,1.875,11.1
2016/4/24,19.7,14.8,17.1625,0,0,85.25,1.375,0
2016/4/25,22.6,14.7,19.1625,0,0,84.75,1,0
2016/4/26,21.9,17.8,19.2,0,0,92.5,1.25,3
2016/4/27,23.1,16.2,19.2125,0,0,78.375,2,0.2
2016/4/28,25.2,13,18.625,0,0,73,0.875,0
2016/4/29,27.5,14,20.875,0,0,70.375,2,0
2016/4/30,29.2,17.3,23.1625,0,0,67.75,1.875,0
2016/5/1,28.2,21.1,24.7375,0,0,69.625,3,0
2016/5/2,26.6,15.1,21.3125,0,0,91.75,1.75,7.9
2016/5/3,25.4,13,19.3,0,0,73.75,1.375,0
2016/5/4,27.9,16.5,22.9875,0,0,74.875,1.625,0.5
2016/5/5,29.2,21.8,24.9,0,0,84.875,2,1.4
2016/5/6,31.4,22.6,26.55,0,0,81.375,1.875,0
2016/5/7,23,16.1,19.975,0,0,73.625,3.5,3.4
2016/5/8,17.2,14.3,15.55,0,0,91.25,2,4
2016/5/9,17.7,14.4,16.375,0,0,91.5,1,3.1
2016/5/10,23.1,16,18.8625,0,0,86.5,0.625,0.2
2016/5/11,29,15.3,22.55,0,0,76.125,2.125,0
2016/5/12,30.9,19.4,25.45,0,0,59.625,3.75,0
2016/5/13,26.1,19.3,22.3625,0,0,56.75,3.875,0
2016/5/14,25.9,15.1,20.6875,0,0,82,3.25,4
2016/5/15,22,14.3,16.7375,0,0,83.125,1.875,4.3
2016/5/16,25.9,11.6,18.8375,0,0,72.875,1.25,0
2016/5/17,25.7,13.2,20.0375,0,0,67,1.5,0
2016/5/18,25.7,16.4,21.4125,0,0,70.375,1.375,0
2016/5/19,26.2,18.2,22.1,0,0,84.875,1.25,7
2016/5/20,20.6,19,19.45,0,0,98.375,2.75,13
2016/5/21,20.9,18.5,19.4375,0,0,84,3.125,0
2016/5/22,21.7,17.6,19.375,0,0,83.25,2.25,0
2016/5/23,21.9,17.6,19.7625,0,0,86.75,0.5,0.7
2016/5/24,25.3,15.9,20.6375,0,0,82.125,1,0
2016/5/25,27.3,16.8,22.775,0,0,81.5,1.375,0.4
2016/5/26,21.3,17.5,18.9625,0,0,94.25,2.375,15
2016/5/27,17.9,17.3,17.5625,0,0,97.375,1.625,6.4
2016/5/28,22.6,16.6,19.25,0,0,84,1.875,0
2016/5/29,26.2,18.5,21.925,0,0,81.125,1.5,0.2
2016/5/30,28.5,18.1,23.2875,0,0,80.25,0.625,0
2016/5/31,34.5,22.5,28.9375,0,0,77.125,2.25,0
2016/6/1,28,21.5,22.975,0,0,91.25,2.75,47
2016/6/2,20.8,17.9,19.225,0,0,97.625,2.375,9
2016/6/3,21.1,16.1,18.6875,0,0,90.25,1.25,1.2
2016/6/4,27.4,16.3,22.225,0,0,81.375,1.75,0
2016/6/5,31.4,18.6,24.8875,0,0,80.125,1,0
2016/6/6,30.1,22.6,26.1625,0,0,71.375,2.875,1
2016/6/7,25.2,21.1,23.5125,0,0,85.5,1.375,0
2016/6/8,30.6,21.4,25.65,0,0,76.375,0.875,0
2016/6/9,29.5,20.5,25.1,0,0,78,0.75,0
2016/6/10,31,20.9,25.7875,0,0,81.25,0.625,0
2016/6/11,29.1,23,25.7625,0,0,88,1.5,5.6
2016/6/12,29.7,22.3,25.1625,0,0,84.625,1.125,14.1
2016/6/13,31.4,21,26.4,0,0,82.75,1.125,0
2016/6/14,33.6,23.9,28.775,0,0,79.5,2,0
2016/6/15,27.9,20.9,24.3125,0,0,79.75,1,2.8
2016/6/16,31.1,20.1,25.8625,0,0,64.25,1.625,0
2016/6/17,32.1,19.2,25.9625,0,0,67,2.375,0
2016/6/18,31,23.1,28.225,0,0,72.875,2.875,0
2016/6/19,27.4,21,23.7875,0,0,94,3,180.7
2016/6/20,26.3,22,24.55,0,0,97.5,1.375,25
2016/6/21,31.2,25.9,28.775,0,0,82.75,1.5,1.1
2016/6/22,33.6,26.9,30.7375,0,0,74.625,3,0
2016/6/23,35.3,29.2,32.4,0,0,64.75,3.375,0
2016/6/24,24.9,19.2,22.65,0,0,90.125,2.75,0.4
2016/6/25,20.4,18.4,19.3375,0,0,97.5,2,35
2016/6/26,22.9,20.1,21.45,0,0,96.5,0.625,5
2016/6/27,21.5,20.1,20.725,0,0,97.375,0.5,26.1
2016/6/28,21.8,20.3,21.15,0,0,96.25,0.5,2.6
2016/6/29,30.6,21.7,25.9875,0,0,86.875,1.5,0
2016/6/30,31.3,24.4,27.4875,0,0,87,2.375,6
2016/7/1,25.6,23.6,24.9625,0,0,96.5,2.375,163.5
2016/7/2,24.7,22.9,23.9125,0,0,99.75,1.125,153.5
2016/7/3,27.6,23.8,25.55,0,0,92.875,1.75,1.1
2016/7/4,26.3,22.9,24.7,0,0,89.125,2.125,8
2016/7/5,24.5,22.4,23.5375,0,0,95.25,1.5,9.1
2016/7/6,25.3,23.8,24.425,0,0,99.5,1.5,242
2016/7/7,32.9,23.7,27.6625,0,0,86.75,0.5,0.4
2016/7/8,33.7,24.9,29.4375,0,0,81.125,0.75,0
2016/7/9,34.7,25.2,30.6875,0,0,74.125,1.375,0
2016/7/10,33.5,27.4,30.275,0,0,76.5,2.25,0
2016/7/11,32.7,26.5,29.3375,0,0,81.625,1.25,0
2016/7/12,35.8,26.4,30.9625,0,0,77.25,0.625,0
2016/7/13,33.8,27.9,30.2875,0,0,78,1.875,0.6
2016/7/14,32.2,26.5,29.0625,0,0,82.125,1.25,2
2016/7/15,27.6,22.9,24.8375,0,0,95.875,1.5,13.3
2016/7/16,31.3,22.5,26.55714286,0,0,86.14285714,0.714285714,0.1
2016/7/17,33.2,25.9,28.9875,0,0,83.5,1.625,7
2016/7/18,33.3,24.8,27.9625,0,0,84.125,1.875,0
2016/7/19,29.5,25.8,27.325,0,0,91.25,2.5,58.4
2016/7/20,29.6,25.5,27.1,0,0,87.125,2.625,17
2016/7/21,33.7,26.8,30.65,0,0,71.875,3.875,0
2016/7/22,34.6,29,31.65,0,0,65,3.875,0
2016/7/23,35.1,28.9,32.025,0,0,65.875,2.75,0
2016/7/24,35.9,29,32.3,0,0,66.5,2.25,0
2016/7/25,36.8,28.2,32.5625,0,0,69.75,2.125,0
2016/7/26,37.2,27.8,32.5375,0,0,70.625,1.875,0
2016/7/27,36.4,27.2,32.5625,0,0,69.125,2.25,0
2016/7/28,35.8,28.1,32.1625,0,0,67.5,2,0
2016/7/29,35.7,30.8,32.875,0,0,65.625,2.75,0
2016/7/30,37.2,28,32.375,0,0,66.75,1.875,0
2016/7/31,37.7,27.6,32.9625,0,0,67.875,1.625,0.4
2016/8/1,37.2,27,32.475,0,0,68.25,2,0
2016/8/2,36.5,26.4,30.775,0,0,73.625,2.75,14
2016/8/3,31,25.7,27.7,0,0,85,1.625,3.2
2016/8/4,26.9,25.1,25.925,0,0,94.875,1,43.1
2016/8/5,30.2,25.6,27.8375,0,0,87.625,0.625,0.5
2016/8/6,29.8,26,27.25,0,0,89.625,0.75,68.1
2016/8/7,31.3,25.4,28.075,0,0,84.625,1.25,0.1
2016/8/8,30.5,26.1,27.4375,0,0,89.25,2.375,17
2016/8/9,33.1,25.8,29.15,0,0,82.5,2,0.6
2016/8/10,33.8,26.5,30.3,0,0,77.5,2.25,0
2016/8/11,36.1,28.4,31.925,0,0,76.375,1.125,0
2016/8/12,36.2,28.5,32.25,0,0,74.5,1.375,0
2016/8/13,37,28.7,32.975,0,0,72.5,1.375,0
2016/8/14,37,28.9,32.8125,0,0,72.375,1.125,0
2016/8/15,36.8,27.8,32.7875,0,0,69.625,1.875,0
2016/8/16,35.9,28.7,32.3625,0,0,71.25,2.5,0
2016/8/17,36.4,28.6,32.475,0,0,72.25,2.375,0
2016/8/18,36.8,27.9,32.3625,0,0,71.875,1.25,0
2016/8/19,37.3,27.6,32.55,0,0,72.375,1.125,0
2016/8/20,36.5,28,31.6,0,0,77.875,2.375,6
2016/8/21,32.9,26.2,29.5,0,0,71.375,3.375,0
2016/8/22,34.2,26.8,30.075,0,0,74.375,1.875,0
2016/8/23,34.3,27.4,30.4375,0,0,77.5,1.125,0
2016/8/24,34.6,27.6,31.025,0,0,80.875,0.5,7
2016/8/25,34.6,27.2,30.7875,0,0,81.25,1.5,4.3
2016/8/26,25.2,21.6,22.95,0,0,83.875,3.875,1.5
2016/8/27,28.6,20.2,24.025,0,0,65.75,2.25,0
2016/8/28,30.9,17.5,23.6875,0,0,68.125,1.375,0
2016/8/29,31.3,17.6,25,0,0,62.875,1,0
2016/8/30,29.7,20.4,25.25,0,0,65.125,1,0
2016/8/31,30,20.4,25.85,0,0,62.75,2.25,0
2016/9/1,31.2,22.7,26.5125,0,0,70.125,2,0
2016/9/2,33.7,21.8,27.2125,0,0,74.5,1,0
2016/9/3,34.4,23.5,28.125,0,0,67.875,1,0
2016/9/4,32,21.1,27.0625,0,0,64.875,1,0
2016/9/5,32.3,19.7,26.05,0,0,65.25,1,0
2016/9/6,29,22.2,25.5125,0,0,75.875,1.375,0.5
2016/9/7,31.9,20.9,26.5875,0,0,68.875,1.25,0
2016/9/8,32.9,23.1,27.4625,0,0,70.375,1,0
2016/9/9,29.8,23.3,25.4875,0,0,81,1.125,2
2016/9/10,30.9,22.6,26.0875,0,0,73.25,1.5,0
2016/9/11,33.2,21.8,27.1125,0,0,70.75,1.375,0
2016/9/12,32.6,23.2,27.375,0,0,68.375,1.375,0
2016/9/13,31.8,22,26.95,0,0,68.5,1.25,0
2016/9/14,32.8,21.3,27.7375,0,0,56,2.125,0
2016/9/15,30.5,24.5,26.4625,0,0,65.625,3.25,0
2016/9/16,29.6,22.8,26.025,0,0,71,3,0
2016/9/17,30.6,20.9,25.9875,0,0,65.125,2.375,0
2016/9/18,31.4,19.9,26.05,0,0,59.125,2.125,0
2016/9/19,28.2,20.2,24.1875,0,0,60.375,3.75,0
2016/9/20,27.7,18.7,23.3875,0,0,53.5,2.375,0
2016/9/21,28.1,17.3,22.575,0,0,58.5,1.125,0
2016/9/22,29.8,16.2,22.3125,0,0,67.25,0.5,0
2016/9/23,30.1,17.2,23.3125,0,0,70.75,0.625,0
2016/9/24,31.9,21,25.6375,0,0,68.25,0.75,0
2016/9/25,30.2,21.9,25.9,0,0,73.375,1.375,0
2016/9/26,33.9,21.9,27.325,0,0,74.625,1.5,0
2016/9/27,28.4,23.1,24.6625,0,0,78.75,3.375,0
2016/9/28,23.8,18.7,21.8125,0,0,73.25,7,0
2016/9/29,18.4,16.2,17.325,0,0,81.625,5,1.2
2016/9/30,18.9,17.4,18.125,0,0,84.375,1.875,4.9
2016/10/1,22.1,16.8,19.05,0,0,89.25,0.75,2.8
2016/10/2,22.4,17.6,19.8375,0,0,91.875,0.375,5
2016/10/3,25.8,17,20.8875,0,0,88,0.5,0
2016/10/4,28.6,18.4,22.7875,0,0,81.5,0.5,0
2016/10/5,28.1,17,22.2,0,0,80.625,1.75,0
2016/10/6,28.7,19,23.85,0,0,74.875,1.875,0
2016/10/7,27.2,21.7,24.2,0,0,72.25,2.875,0
2016/10/8,26.3,19.4,21.8625,0,0,63.375,3.75,0
2016/10/9,24.2,16.8,20.0625,0,0,52.125,3,0
2016/10/10,21.7,16.8,18.6625,0,0,62.5,2.25,0
2016/10/11,19.5,16.2,17.4375,0,0,79.125,1.75,0.5
2016/10/12,17.5,16.1,16.4875,0,0,91.5,1.875,1.8
2016/10/13,17.5,15.4,16.3125,0,0,89.875,1,0.4
2016/10/14,18.7,15.3,17.0875,0,0,88.5,0.375,2.7
2016/10/15,22.9,17,19.775,0,0,83.375,0.75,0
2016/10/16,21.4,16.5,18.9875,0,0,83.125,1.625,0
2016/10/17,24,14.7,19.1875,0,0,81.25,1,0
2016/10/18,26.2,17.6,21.325,0,0,75.25,1.5,0
2016/10/19,22.7,18.4,20.625,0,0,85.25,1.25,0
2016/10/20,22,20.2,21.125,0,0,95,1.75,19.9
2016/10/21,25.1,19.6,21.7875,0,0,85.75,3.125,0
2016/10/22,21,17.5,18.7875,0,0,87.875,3.375,13.4
2016/10/23,16.7,13.1,15.05,0,0,84.875,3.625,0
2016/10/24,14.1,12.1,12.9125,0,0,95.375,1.875,1.6
2016/10/25,16.3,12.1,13.975,0,0,88.625,1.25,17.2
2016/10/26,14.4,13.4,13.9375,0,0,96.25,1.375,23.5
2016/10/27,16,13.8,14.95,0,0,95.125,1.125,0.9
2016/10/28,15.1,11.5,13.4,0,0,88.125,3.875,4.4
2016/10/29,10.2,9.3,9.9375,0,0,94,2.625,25.3
2016/10/30,14.6,9.2,11.65,0,0,89.125,0.875,0.8
2016/10/31,13.2,10.2,11.5875,0,0,90.375,2.375,10.7
2016/11/1,13.4,9.3,11.025,0,0,86.875,2.125,0
2016/11/2,14.4,7.3,11.6375,0,0,81,1.375,0
2016/11/3,16.7,7.1,11.125,0,0,85.5,0.75,0
2016/11/4,20.2,6.4,12.9125,0,0,83.375,1,0
2016/11/5,23.8,9.3,16.1125,0,0,80.875,0.75,0
2016/11/6,23.7,12,17.6875,0,0,79.125,2,0
2016/11/7,15.3,11.2,12.6,0,0,94.375,3.75,18.1
2016/11/8,12.1,9.5,10.6625,0,0,72.875,4,6
2016/11/9,9.4,7.8,8.25,0,0,85.625,1.875,5.4
2016/11/10,12.6,4.8,8.2125,0,0,85.875,1.75,0
2016/11/11,17.6,4.8,11.2125,0,0,84.375,1,0
2016/11/12,20,9.6,14.4,0,0,83,0.5,0
2016/11/13,20.1,14.1,16.4625,0,0,85.75,0.75,0
2016/11/14,22.3,15,17.7,0,0,85.625,0.875,0
2016/11/15,16.6,15,15.6375,0,0,92,0.375,1.2
2016/11/16,16.2,14.5,15.2125,0,0,94.5,1.375,3.8
2016/11/17,15.2,14,14.4875,0,0,95.5,1.625,9.5
2016/11/18,15.1,13.6,14.5,0,0,97.125,0.5,9
2016/11/19,16.9,14.9,15.9125,0,0,91.375,0.875,0
2016/11/20,17.5,13,15.5375,0,0,86.5,1,0
2016/11/21,17.8,11.5,15.2875,0,0,88.25,2.375,0
2016/11/22,6.6,0.8,3.3125,0,0,88,6.75,6
2016/11/23,0,-1.6,-0.8625,0,0,89.25,2.375,4
2016/11/24,4.7,-2.5,1.525,0,0,79.25,1,0
2016/11/25,6.7,3.7,5.0875,0,0,67.75,1.125,0
2016/11/26,12.4,2.8,7.1375,0,0,71.375,1.5,0
2016/11/27,15,0.9,6.8375,0,0,78.375,0.5,0
2016/11/28,15.1,2,8.2375,0,0,74.125,1.125,0
2016/11/29,11.2,4.7,8.1125,0,0,81.125,1.25,0
2016/11/30,11.8,3.8,7.9125,0,0,79.75,1,0
2016/12/1,12.6,1.4,6.5,0,0,86.25,0.625,0
2016/12/2,15.7,2.2,8.4125,0,0,79.75,0.625,0
2016/12/3,15.8,9,11.9,0,0,73.875,0.875,0
2016/12/4,17.3,6,10.6125,0,0,81.875,1.375,0.3
2016/12/5,19.5,4.7,10.95,0,0,67.875,2.625,0
2016/12/6,13.9,1.2,6.575,0,0,68.875,0.75,0
2016/12/7,16.1,1.6,7.6,0,0,76.75,0.75,0
2016/12/8,17.6,2.3,8.5,0,0,78.5,1,0
2016/12/9,18.5,3.2,10.425,0,0,71.875,1.625,0
2016/12/10,11.9,4.7,8.2125,0,0,75.5,2,0
2016/12/11,11.7,4.9,8.6625,0,0,83.875,0.75,0
2016/12/12,10.6,8.2,9.2625,0,0,88.875,1.5,1.2
2016/12/13,9.8,7.2,8.55,0,0,85.875,3,5.2
2016/12/14,6.9,1.4,5.25,0,0,80,2.875,0
2016/12/15,10,-1.3,4.0625,0,0,80.125,1.125,0
2016/12/16,11.9,-0.7,4.6,0,0,77,0.625,0
2016/12/17,11.8,1.9,6.5625,0,0,68.75,1,0
2016/12/18,16.2,6.6,10.7375,0,0,69,1,0
2016/12/19,11.8,9.3,10.375,0,0,82.375,1.125,4.4
2016/12/20,10.4,9.3,9.775,0,0,95.5,1.625,7
2016/12/21,9,4.7,7.9125,0,0,91,2.625,24.4
2016/12/22,13.8,1.7,6.6,0,0,82.25,1.25,0
2016/12/23,11.4,0.7,6.4875,0,0,84.25,1.375,0
2016/12/24,8.9,6.6,7.925,0,0,80.375,2.75,0.4
2016/12/25,5.7,4.8,5.3,0,0,96,2.375,14
2016/12/26,6.7,4.7,5.325,0,0,87,2.25,6.8
2016/12/27,8.9,-0.8,2.9875,0,0,81.875,1.25,0
2016/12/28,8.8,-2.1,2.7125,0,0,79.875,1.25,0
2016/12/29,7.7,-0.9,3.1375,0,0,83.375,2.125,0
2016/12/30,9.3,-1.3,2.4,0,0,84.28571429,1.142857143,0
2016/12/31,12.6,-0.6,5.7,0,0,81.25,0.875,0
2017/1/1,14.9,5.6,9.9875,0,0,73.875,1,0
2017/1/2,14.4,4.2,9.2625,0,0,77.375,1.125,0
2017/1/3,14.2,5.4,10.4375,0,0,78.375,0.625,0
2017/1/4,11.4,10.2,10.8875,0,0,93.25,1.5,2.2
2017/1/5,10.1,7.5,8.5875,0,0,97.75,2.25,24
2017/1/6,8,7.3,7.6875,0,0,97.625,2.25,9.7
2017/1/7,7.9,3.3,6.3,0,0,89.875,2.25,3.4
2017/1/8,10.2,1.5,5.675,0,0,87.125,1.25,0
2017/1/9,9.9,1.1,6.0875,0,0,80.125,1.75,0
2017/1/10,7.6,5.8,6.4125,0,0,74.75,3,1
2017/1/11,6.3,4.2,5.4125,0,0,82.875,1.75,0
2017/1/12,8.8,2.4,5.466666667,0,0,88.88888889,1.555555556,7
2017/1/13,9.2,-0.8,3.425,0,0,91.875,1,0
2017/1/14,9.9,2.5,6.75,0,0,63.5,2.125,0
2017/1/15,8.4,0,4.55,0,0,68.125,1.5,0
2017/1/16,10.2,-1.7,4.5125,0,0,73.875,2,0
2017/1/17,10.1,4.5,6.725,0,0,71.25,1,0
2017/1/18,7.5,3.9,6.25,0,0,78.75,1.375,0
2017/1/19,9.8,4.4,7.225,0,0,69.25,3,0
2017/1/20,7.8,-1.1,3.0125,0,0,53,1.75,0
2017/1/21,10.4,-3.1,3.075,0,0,63.5,0.75,0
2017/1/22,12.4,-2.4,3.975,0,0,72.5,0.75,0
2017/1/23,13.6,-0.4,5.5125,0,0,69,1.25,0
2017/1/24,13.7,-0.1,7.5,0,0,58.625,1.75,0
2017/1/25,13.3,3.1,7.925,0,0,69.75,1.25,0
2017/1/26,15,1.1,7.7,0,0,78,1.625,0
2017/1/27,12.8,6.7,9.8875,0,0,72.625,1,0
2017/1/28,13.9,8.7,11.25,0,0,67,2.25,0
2017/1/29,8.7,5.1,6.8125,0,0,80.25,3.625,0
2017/1/30,7.4,3.1,4.9375,0,0,63,4.25,0
2017/1/31,4.9,1.4,2.8375,0,0,74.5,3,3
2017/2/1,3.3,1.1,2.125,0,0,87,2.625,1
2017/2/2,3.3,1.8,2.6875,0,0,94.375,1.5,4
2017/2/3,4.7,2.9,3.9,0,0,95.5,1,3.7
2017/2/4,8.5,4.4,6.4125,0,0,86.375,1.25,0
2017/2/5,10.3,3.1,6.825,0,0,85.5,1.25,0
2017/2/6,12.4,3.3,8.65,0,0,82.25,1.5,0
2017/2/7,8.6,2.8,5.3,0,0,80.125,3.375,2.8
2017/2/8,5,-0.7,2.25,0,0,83.625,3.125,6
2017/2/9,8,-0.9,2.8125,0,0,81.25,0.875,0
2017/2/10,9.7,-2.1,3.525,0,0,69,1.25,0
2017/2/11,12,-0.7,4.5,0,0,65.5,0.875,0
2017/2/12,14.4,-1.7,5.375,0,0,71.25,1.375,0
2017/2/13,17.4,-0.6,7.525,0,0,68.75,0.875,0
2017/2/14,17.6,3.1,9.65,0,0,65.625,1,0
2017/2/15,19.3,4.5,12.3875,0,0,64.375,1.75,0
2017/2/16,22.2,11.8,16.25,0,0,65.625,2,0
2017/2/17,12.8,8.5,10.85,0,0,69,4.625,0
2017/2/18,15.2,4.6,9.528571429,0,0,72.28571429,0.75,0
2017/2/19,20,8.1,14.125,0,0,78.5,2,0
2017/2/20,15.8,8.2,12.4375,0,0,71,5.25,0
2017/2/21,7.5,0.7,4.0625,0,0,81.75,4.125,30
2017/2/22,6.4,0.5,2.95,0,0,84,1.625,20
2017/2/23,9,4.5,6.3875,0,0,70.5,1.375,0
2017/2/24,12.3,4.2,8,0,0,69.875,1.125,0
2017/2/25,14.7,3.2,9.075,0,0,72.125,1.125,0
2017/2/26,17.3,3.1,10.25,0,0,70.75,0.5,0
2017/2/27,18.2,5.2,11.4125,0,0,68.875,0.625,0
2017/2/28,18.8,6.3,11.5,0,0,70.75,1.375,0
2017/3/1,18.8,8.6,12.6125,0,0,52.375,3.875,0
2017/3/2,14.5,0.5,7.525,0,0,58.375,1.5,0
2017/3/3,17.6,7.6,12.3875,0,0,50.5,1.75,0
2017/3/4,11.3,10,10.55,0,0,86.125,1.25,5.8
2017/3/5,14.9,7.1,11.6,0,0,83.875,1.75,0
2017/3/6,14.6,6.7,10,0,0,77.25,1.5,0
2017/3/7,17.9,4.1,10.8375,0,0,65.25,1.875,0
2017/3/8,17.5,3,9.8625,0,0,68.5,1,0
2017/3/9,19.7,4.5,13.1875,0,0,63,1.125,0
2017/3/10,15.5,11.2,13.3875,0,0,78,1.625,0.5
2017/3/11,17.7,11.8,14.4375,0,0,82.875,0.875,0
2017/3/12,14.1,10.2,12.7125,0,0,90,3,5.1
2017/3/13,9.8,5.1,7.4125,0,0,91,5,25.2
2017/3/14,13.5,5.7,9.525,0,0,59.25,2,0
2017/3/15,10.3,8.3,9.4375,0,0,69.125,1.375,0.6
2017/3/16,14.6,6.5,10.125,0,0,74.125,1.25,0
2017/3/17,11.1,5.6,8.55,0,0,93.75,0.75,4.9
2017/3/18,15.7,9,11.7125,0,0,84.5,1.375,0
2017/3/19,12.2,10.6,11.35,0,0,95.25,0.875,11.7
2017/3/20,13.4,6,10.5125,0,0,81.75,2.875,12
2017/3/21,12,4.6,9.15,0,0,87,1.5,1
2017/3/22,10.9,8.4,9.95,0,0,94.875,1.375,11.8
2017/3/23,13.3,9.3,10.65,0,0,87.625,2.375,0.2
2017/3/24,10.2,8.6,9.15,0,0,92.5,2.125,9
2017/3/25,17.1,6.2,11.9125,0,0,73.125,1,0
2017/3/26,20.1,7.1,13.375,0,0,74.5,1.25,0
2017/3/27,23.2,7.7,16.2375,0,0,64.5,2.5,0
2017/3/28,23.2,16.7,19.375,0,0,56.625,2.5,0
2017/3/29,21.3,11.7,17.1,0,0,72.5,2,0
2017/3/30,17.9,10.9,13.85,0,0,90.5,4.125,30
2017/3/31,17.6,8.5,12.5875,0,0,76.625,2.375,0
2017/4/1,19.9,6.9,13.875,0,0,79.25,1,0
2017/4/2,24.2,8.6,16.4875,0,0,66.875,1.625,0
2017/4/3,21.9,16.1,18.725,0,0,55,2.25,0
2017/4/4,20.2,16.1,18.3,0,0,71.875,1.625,0.8
2017/4/5,19,15.4,16.8875,0,0,96.5,1.375,11
2017/4/6,18.8,15.2,16.7,0,0,94.25,1.875,37
2017/4/7,23.4,16.5,19.6,0,0,86.75,1.25,0
2017/4/8,27.8,17.8,21.35,0,0,87.25,2.75,20
2017/4/9,18,9,13.8,0,0,93.75,4.125,61
2017/4/10,9.2,7.8,8.6875,0,0,93.75,3.5,24.6
2017/4/11,16.8,5.8,12.375,0,0,82.75,1.5,0
2017/4/12,20.7,10.1,15.025,0,0,82.625,1,0
2017/4/13,22.9,9.5,16.6125,0,0,78.25,1.75,0
2017/4/14,27.4,14.9,20.5,0,0,70.125,2.25,0
2017/4/15,29.4,15.8,23.1375,0,0,72.75,1.25,0
2017/4/16,25.3,15.7,21,0,0,91.375,2.25,39
2017/4/17,23.5,14.9,19,0,0,80.625,2,7.1
2017/4/18,27,17.5,21.6125,0,0,71.375,1.75,0
2017/4/19,24.7,16.5,20.25,0,0,86.25,2.375,4.6
2017/4/20,17.9,14.1,16.2875,0,0,77.75,2.375,3.8
2017/4/21,20.7,12.6,15.6875,0,0,77.875,1.625,0
2017/4/22,22.9,11.4,16.5875,0,0,69.875,1,0
2017/4/23,25,11.1,17.875,0,0,69.75,1.375,0
2017/4/24,27,13,20.5,0,0,68.25,1.375,0
2017/4/25,19.3,16,17.8375,0,0,93.25,2.375,22.1
2017/4/26,19.3,14.2,17.025,0,0,79,4,0.4
2017/4/27,23.2,11.9,17.725,0,0,60.5,2,0
2017/4/28,24.8,9.6,17.8875,0,0,66.375,1.75,0
2017/4/29,27.6,12.1,19.825,0,0,65.75,1.75,0
2017/4/30,29.8,13.9,22.5375,0,0,63.125,1.5,0
2017/5/1,23,18.5,20.7,0,0,86.375,1.25,9.3
2017/5/2,26.5,16.9,21.85,0,0,73.125,1.375,0
2017/5/3,22.9,17.1,19.4125,0,0,88.375,3.625,39
2017/5/4,24.1,15.8,19.55,0,0,79.75,2.5,6
2017/5/5,27,14.1,21.25,0,0,70.625,1.875,0
2017/5/6,23.4,17.3,19.6625,0,0,61.75,1.75,0.1
2017/5/7,20,16.6,17.825,0,0,90.75,0.875,8.2
2017/5/8,24.2,15.9,18.8,0,0,84.25,1.75,6
2017/5/9,27.2,14.5,21.075,0,0,81,1.375,0
2017/5/10,28.6,16.1,22.975,0,0,75.5,0.875,0
2017/5/11,24.5,19.6,21.5125,0,0,88.25,2.5,9
2017/5/12,27.7,16.2,22.375,0,0,77.875,0.875,0
2017/5/13,31.5,18.6,24.5375,0,0,76.75,1.75,0
2017/5/14,32.1,18.2,25.6375,0,0,73.25,1.875,0
2017/5/15,24.9,19.5,21.85,0,0,83.25,2,0.9
2017/5/16,25.1,15.9,19.7125,0,0,77.25,1.625,0
2017/5/17,28.8,15.1,21.8875,0,0,73.5,1.625,0
2017/5/18,31,17,25.0125,0,0,63.25,1.125,0
2017/5/19,26.8,22.9,24.35,0,0,75.5,1.375,0.3
2017/5/20,30.7,19.7,25.0125,0,0,78,0.5,0
2017/5/21,31.5,21.5,26.925,0,0,74,1.75,0
2017/5/22,26.2,23,24.5625,0,0,93.25,1.125,6.9
2017/5/23,23.8,18.6,20.1375,0,0,88.25,4.125,3.4
2017/5/24,25.2,17.4,21.225,0,0,65.75,2.375,0
2017/5/25,29,15.2,22.025,0,0,65.5,0.75,0
2017/5/26,30.7,16,23.975,0,0,69,0.875,0
2017/5/27,32.2,18,24.875,0,0,67.5,1.25,0
2017/5/28,33.2,18.1,25.775,0,0,64.625,0.75,0
2017/5/29,33.4,19.2,26.6625,0,0,61.5,1.375,0
2017/5/30,31.1,23.3,26.6875,0,0,75.75,0.875,0
2017/5/31,31,22.3,27.275,0,0,76.75,1.25,0
2017/6/1,27.7,23.3,25.6125,0,0,78.5,1.75,0.2
2017/6/2,32.6,21.9,26.9125,0,0,81.625,0.75,6
2017/6/3,33.4,23.6,28.4125,0,0,70.5,2.625,0
2017/6/4,28.7,22.6,24.9125,0,0,75.75,2.875,0
2017/6/5,22.8,18.3,20.6375,0,0,94.75,3.125,29
2017/6/6,24.2,17.8,20.825,0,0,78.75,1.625,0
2017/6/7,30.9,17.5,24.0625,0,0,78.875,0.75,0
2017/6/8,31.2,20.7,26.1375,0,0,75.625,1.75,0
2017/6/9,26.3,22.6,24.65,0,0,96,1.75,28
2017/6/10,26.8,22.4,24.5875,0,0,92,2.375,4.7
2017/6/11,26.6,21.5,24.2625,0,0,89.75,1.375,0
2017/6/12,25.3,23,23.9125,0,0,97.75,0.375,15
2017/6/13,25.1,21.9,23.25,0,0,93.5,1.625,13
2017/6/14,26,20.9,23.2125,0,0,88.125,1,0.1
2017/6/15,23.4,20,21.925,0,0,96.875,0.5,4.1
2017/6/16,28.8,18,23.1375,0,0,82.25,0.875,0.2
2017/6/17,30.1,19.6,25.2125,0,0,80.25,1,0
2017/6/18,29.8,23.2,26.4375,0,0,76.25,0.875,0
2017/6/19,29.6,22.4,26.2375,0,0,83.625,1.25,0
2017/6/20,32.8,22.9,27.9,0,0,77,0.625,0
2017/6/21,30.5,23.2,26.35,0,0,88.25,1.875,0.1
2017/6/22,30.3,21.2,26.675,0,0,80.75,0.75,0
2017/6/23,27.5,24.8,26.15,0,0,89.875,2,1.1
2017/6/24,29.3,23,26.3625,0,0,87.75,0.75,0
2017/6/25,31.4,23.9,26.075,0,0,88.75,1,51.2
2017/6/26,28.7,22.4,25.75,0,0,88.25,1.375,0.2
2017/6/27,30.3,23.5,26.275,0,0,79.125,2.125,0
2017/6/28,31.5,23.8,26.8875,0,0,78.625,1.125,0
2017/6/29,31.1,22.8,27.0125,0,0,81,1,0
2017/6/30,25.5,23.3,24.5125,0,0,94.5,2.5,10.6
2017/7/1,25.5,24,24.45,0,0,96.25,1.5,15.5
2017/7/2,32.1,22.5,27.1875,0,0,81.5,1.125,0
2017/7/3,32.7,23.8,28.625,0,0,79.75,0.875,0
2017/7/4,33.4,25,29.2625,0,0,80.875,1.625,0
2017/7/5,33.1,27.5,30.1625,0,0,79.875,1.75,0
2017/7/6,33.9,28.4,31.05,0,0,71.75,2.75,0
2017/7/7,31.8,27.8,30.2375,0,0,76.25,2.625,0
2017/7/8,30.9,28.4,29.6875,0,0,81.25,1.875,0
2017/7/9,28.6,24.6,26.625,0,0,92.625,1.875,31.2
2017/7/10,30.7,23.5,27.4625,0,0,87.5,1.625,4.1
2017/7/11,33.4,23.5,28.875,0,0,79.625,2.25,0
2017/7/12,32.6,28.2,30.3625,0,0,73.375,3.375,0
2017/7/13,32.8,29.7,31.0625,0,0,71,3.375,0
2017/7/14,34,29.2,31.175,0,0,71.125,2.375,0
2017/7/15,34.8,28,31.4375,0,0,69.75,2.5,0
2017/7/16,35.9,28.5,31.975,0,0,69.25,1.5,0
2017/7/17,36.7,26.5,31.5125,0,0,74,1,0
2017/7/18,36,27.6,32.0875,0,0,69.25,1.875,8
2017/7/19,35.5,29,32.1875,0,0,63.375,3.25,0
2017/7/20,34.6,29,31.6875,0,0,64.75,3.125,0
2017/7/21,36,28.6,32.2,0,0,64.25,2.875,0
2017/7/22,36.9,29.5,32.925,0,0,64.5,1.875,0
2017/7/23,37.8,27.1,32.6875,0,0,69,1.25,0
2017/7/24,37.1,27.5,32.4375,0,0,70.125,1.25,0
2017/7/25,38.2,27.9,33.225,0,0,67.75,0.625,0
2017/7/26,39,28.5,33.7125,0,0,69.625,0.625,0
2017/7/27,38.8,29.9,33.6375,0,0,70.5,1.125,0
2017/7/28,38.6,28.4,32.325,0,0,77.125,2.375,0
2017/7/29,36,27.6,30.85,0,0,76,2.875,0
2017/7/30,33.1,25.5,28.6,0,0,79.25,3.25,0
2017/7/31,31.9,26.2,28.25,0,0,84.25,3.125,0
2017/8/1,27.6,26.1,26.525,0,0,99.25,1.75,51
2017/8/2,30,26.2,27.55,0,0,94.875,1.375,8.1
2017/8/3,34.4,26.5,30.2875,0,0,85.25,0.375,0
2017/8/4,35.2,27.9,29.925,0,0,90.5,1.5,2.7
2017/8/5,35.2,27.6,31.1875,0,0,83.625,1.125,0.1
2017/8/6,35.5,28.2,32.125,0,0,80.875,1.5,0
2017/8/7,36.8,30.4,32.9375,0,0,73.125,1.75,0
2017/8/8,28.3,25.4,26.7125,0,0,92.375,1.875,3
2017/8/9,32,24.4,27.775,0,0,84.25,1,0
2017/8/10,33.7,26.8,30.1625,0,0,83.375,1.875,0
2017/8/11,32.8,24.3,28.0625,0,0,90.125,1.875,43
2017/8/12,27.7,25.3,26.2375,0,0,96.875,0.625,11.6
2017/8/13,27.4,25.1,26.05,0,0,96.375,1.375,11.2
2017/8/14,28.6,25.3,26.725,0,0,92.75,0.5,1
2017/8/15,32.5,24.5,27.95,0,0,84.875,0.625,0
2017/8/16,30.2,25,27.5625,0,0,88.625,1.25,5.1
2017/8/17,31.6,26.2,28.45,0,0,81.875,2,0.1
2017/8/18,34,26.4,30.25,0,0,74.875,2.5,0
2017/8/19,33.8,29.1,31.3,0,0,69.375,2.75,0
2017/8/20,31.6,26.7,29.175,0,0,87.875,1.25,15
2017/8/21,33.7,26.5,29.7875,0,0,85.25,1,0
2017/8/22,35.1,27.2,30.8875,0,0,80.5,1.375,0
2017/8/23,36.1,28.6,31.58571429,0,0,78.57142857,1.142857143,0
2017/8/24,33.7,26.3,29.6125,0,0,87,2.125,10
2017/8/25,33.5,26.3,28.3375,0,0,91.25,1,9
2017/8/26,31.8,25.5,28.1875,0,0,81.75,1.375,1.6
2017/8/27,34.3,26.2,30.2625,0,0,77.375,1.5,0
2017/8/28,34.4,26.6,30.8375,0,0,74.375,1.875,0
2017/8/29,30.1,24.3,26.4375,0,0,81.875,3.5,0
2017/8/30,24.8,21.1,22.425,0,0,83.75,2.625,0
2017/8/31,23.6,20.3,21.8125,0,0,87,1.875,0
2017/9/1,25.3,20.9,22.9875,0,0,87.625,1.875,0
2017/9/2,23.9,20.2,22.2375,0,0,97.875,2.125,5.4
2017/9/3,21,19.6,20.25,0,0,99.75,1.5,6.1
2017/9/4,24.2,20.2,21.7375,0,0,94.125,1,0.8
2017/9/5,25,20.6,23.025,0,0,95.25,0.625,0
2017/9/6,25.2,21.9,23.35,0,0,91.25,1.5,0.2
2017/9/7,30.7,20.8,24.75,0,0,83.25,0.75,0
2017/9/8,31.6,20.5,26.15,0,0,83.75,0.5,0
2017/9/9,33.3,23,28.4375,0,0,79.625,1.375,0
2017/9/10,28.2,21.4,23.95,0,0,93.125,2.125,20
2017/9/11,28.2,20.8,23.8875,0,0,84.375,1.875,0
2017/9/12,29.5,20.3,24.7375,0,0,82.375,1.25,0
2017/9/13,29.5,20,24.975,0,0,75,1.375,0
2017/9/14,30.7,20.1,24.9625,0,0,69.125,1.625,0
2017/9/15,29.7,17.7,24.0875,0,0,70.625,1.375,0
2017/9/16,29.5,18.6,23.7875,0,0,79.625,0.75,0
2017/9/17,30.7,19.7,24.725,0,0,77.75,1.125,0
2017/9/18,29.9,22.3,24.875,0,0,86.25,0.75,0.7
2017/9/19,23.7,22.3,22.9625,0,0,99.625,1.5,28.8
2017/9/20,23.6,21.3,22.2375,0,0,96.625,0.875,1.4
2017/9/21,24.2,20.9,22.45,0,0,95.375,0.375,0.6
2017/9/22,26.3,20.7,23.3625,0,0,91,0.25,0.3
2017/9/23,23.8,21.7,22.6,0,0,96.625,1.375,7.8
2017/9/24,29.2,22.8,25.475,0,0,90.625,1.25,0
2017/9/25,31.6,23.3,26.575,0,0,89.5,1.5,0
2017/9/26,31.5,23.2,26.4,0,0,88.75,2.5,0
2017/9/27,24.5,19.9,22.2625,0,0,94.875,2.5,9
2017/9/28,25.4,19.6,21.8375,0,0,88.25,2.125,12.9
2017/9/29,21.6,17.7,19.6125,0,0,91.625,1.75,7.2
2017/9/30,24.9,17.8,21.4125,0,0,94.125,1.375,8.1
2017/10/1,31.6,21.8,26.1,0,0,86.25,1.625,0
2017/10/2,23.1,20.4,21.7,0,0,93.125,2.5,0.4
2017/10/3,21.6,14.9,18.4625,0,0,98.375,4,10.8
2017/10/4,14.9,13.9,14.5375,0,0,96.75,3.375,3.7
2017/10/5,15.9,13.5,14.8375,0,0,99,1.25,12.8
2017/10/6,19.6,15.8,17.8875,0,0,93.75,0.875,0
2017/10/7,23.7,18.5,20.85,0,0,91.125,0.5,0
2017/10/8,28.5,20.3,23.5875,0,0,89,0.125,0
2017/10/9,29.7,19.9,24.625,0,0,91.75,0.875,0
2017/10/10,22.4,15.8,19.3875,0,0,85.25,4.25,0
2017/10/11,15.3,13.7,14.325,0,0,92.5,3.25,0.5
2017/10/12,14.1,13.3,13.675,0,0,97.25,2.625,19.6
2017/10/13,18.8,12.7,15.3125,0,0,90.25,2.125,0
2017/10/14,17.1,14.8,15.8,0,0,91.5,2.375,0.5
2017/10/15,18.1,14.5,15.8375,0,0,86.875,3.25,0
2017/10/16,15.5,14.3,14.7875,0,0,96.75,3,21.1
2017/10/17,16.6,14.3,15.275,0,0,95.875,2.625,4.2
2017/10/18,15.9,14.1,14.8875,0,0,95.125,1.625,0.5
2017/10/19,18.6,13.1,15.675,0,0,88,1.375,1.2
2017/10/20,20,11.1,15.2,0,0,85.75,0.875,0
2017/10/21,22.3,10.4,15.725,0,0,83.125,0.875,0
2017/10/22,20.9,10.2,15.7125,0,0,85.875,0.75,0
2017/10/23,21.8,13.6,17.1375,0,0,85.625,1.875,0
2017/10/24,21.9,11.9,15.8125,0,0,82.125,0.75,0
2017/10/25,20.8,11.9,16.525,0,0,76.125,1,0
2017/10/26,23,12.6,17.05,0,0,75.125,0.375,0
2017/10/27,23.9,11.1,16.6125,0,0,82.125,0.375,0
2017/10/28,23.7,11.2,16.6125,0,0,81,0.625,0
2017/10/29,19.4,11.1,14.675,0,0,67.5,3.25,0
2017/10/30,17.8,5.7,11.55,0,0,59.125,1.625,0
2017/10/31,20.5,6.3,12.45,0,0,76.75,0.375,0
2017/11/1,21.8,6.9,13.8375,0,0,81.5,0.25,0
2017/11/2,23.9,10.5,16,0,0,80.125,0.375,0
2017/11/3,24.7,10.4,17.1,0,0,74.75,2.625,0
2017/11/4,20,11.1,14.65,0,0,71.125,1.375,0
2017/11/5,19.7,8.1,13.0375,0,0,72.625,1,0
2017/11/6,21.4,6.4,13.4125,0,0,79.25,0.375,0
2017/11/7,20.5,11.4,15.15,0,0,85,0.75,0
2017/11/8,23.4,10.2,15.6,0,0,82.25,0.625,0
2017/11/9,24.1,10.7,17.0125,0,0,79,1,0
2017/11/10,18.9,15.5,17.1875,0,0,63.75,3.375,0.1
2017/11/11,15.6,10.7,13.3375,0,0,49.25,3.25,0
2017/11/12,13.4,9.8,11.6375,0,0,85.375,1.125,0
2017/11/13,13.3,10,11.8375,0,0,94.5,0.875,10.6
2017/11/14,16.2,8.9,12.8625,0,0,90.75,0.875,0
2017/11/15,18.9,10.3,14.2875,0,0,84,1,0
2017/11/16,20,13.6,16.3375,0,0,84.75,1.625,0.1
2017/11/17,15.5,11,13.875,0,0,96,3.375,1.9
2017/11/18,12.3,6.5,9.1875,0,0,59.375,5.875,4
2017/11/19,8.3,5.6,7,0,0,68.5,2,0
2017/11/20,11.4,3.5,7.675,0,0,70.75,1.25,0.2
2017/11/21,11.5,7.3,9.4625,0,0,78.5,0.625,0
2017/11/22,15.7,4.5,10.3875,0,0,61.125,1.625,0
2017/11/23,16.2,4.2,9.775,0,0,58.5,0.375,0
2017/11/24,16.5,2.7,8.775,0,0,72.125,0.625,0
2017/11/25,17.3,3.5,9.4375,0,0,75,0.75,0
2017/11/26,18.3,2.2,8.6125,0,0,80,0.5,0
2017/11/27,18.5,2.4,10.2875,0,0,76.375,1,0
2017/11/28,17.6,7.8,13.4875,0,0,76,1.125,0
2017/11/29,12.6,4.5,10,0,0,78,2.875,2.1
2017/11/30,6.7,4.2,5.5125,0,0,93.5,2.5,6.2
2017/12/1,9.2,5.9,7.675,0,0,84,1.625,0.4
2017/12/2,12.9,4.7,8.2375,0,0,87.25,0.5,0.1
2017/12/3,13.1,5.4,8.6625,0,0,91.5,0.625,0
2017/12/4,12.2,2.5,7.0125,0,0,79.75,2,0
2017/12/5,11.2,0.4,4.625,0,0,76.375,0.875,0
2017/12/6,10.5,-0.2,5.75,0,0,84.375,0.5,0
2017/12/7,11,6.2,8.6125,0,0,62.5,1.5,0
2017/12/8,10.7,0.5,4.8125,0,0,58.125,1.5,0
2017/12/9,12.5,0.1,5.3125,0,0,69.25,1.25,0
2017/12/10,14,0.3,5.4625,0,0,69.25,1,0
2017/12/11,14.3,-1.2,5.6625,0,0,61.875,0.75,0
2017/12/12,8.7,-0.2,5.125,0,0,66.75,2.125,0
2017/12/13,6.5,5,5.85,0,0,79.5,2.75,0.9
2017/12/14,5.3,4.2,4.75,0,0,95.375,1.75,1.2
2017/12/15,6,3.3,4.5,0,0,90,2.375,2.9
2017/12/16,8.3,-0.9,4.65,0,0,64.25,3.125,0
2017/12/17,7.8,-3.8,0.7375,0,0,71,0.75,0
2017/12/18,10.4,-4.3,1.7625,0,0,74.375,0.625,0
2017/12/19,11.9,-3.1,2.725,0,0,68.625,0.875,0
2017/12/20,15.1,-3.2,4.25,0,0,70.75,0.75,0
2017/12/21,15.1,-2.1,5.0875,0,0,71.75,0.625,0
2017/12/22,16.8,0,8.15,0,0,64.375,0.75,0
2017/12/23,11.4,7.7,9.075,0,0,68.75,0.75,0
2017/12/24,14.4,0.3,5.7875,0,0,67.25,1.375,0
2017/12/25,13.8,-2.2,4.575,0,0,64.75,0.625,0
2017/12/26,14.9,-1.2,5.35,0,0,69.125,0.625,0
2017/12/27,12.9,0.4,7.3125,0,0,63,0.75,0
2017/12/28,9.4,8,8.6125,0,0,84,1.75,4
2017/12/29,10.8,5.1,8.2125,0,0,85.875,1,0
2017/12/30,13.1,1.4,7.9875,0,0,64.5,1.125,0
2017/12/31,13.5,-1,4.8875,0,0,76.125,1.125,0
2018/1/1,10.5,2.7,6.9625,0,0,76.125,1,0.3
2018/1/2,8.7,4.4,7.1625,0,0,86.75,1.75,0.7
2018/1/3,4.2,1,3.0375,0,0,94.25,4.625,13.9
2018/1/4,0.4,-1.7,-0.25,0,0,93.75,3.25,29
2018/1/5,0.4,-1.5,-0.525,0,0,92.25,1.625,0
2018/1/6,1.4,-0.5,0.6,0,0,93.75,2.25,4.4
2018/1/7,0.8,-0.7,0.0375,0,0,89.875,1.125,0.4
2018/1/8,6.3,-4.1,0.8875,0,0,75.875,1.625,0
2018/1/9,9.2,-4.8,1.3375,0,0,79.125,1,0
2018/1/10,11,-3.2,2.075,0,0,72.875,1.375,0
2018/1/11,10.1,-4.6,1.9,0,0,67.125,1.875,0
2018/1/12,7.9,-4.7,0.6,0,0,71.625,1.375,0
2018/1/13,7.7,-3.6,3.625,0,0,62,1.25,0
2018/1/14,13.3,-0.7,5.675,0,0,70,1,0
2018/1/15,9.8,-1.2,4.6375,0,0,81.75,0.25,0
2018/1/16,7.1,1.9,5.4875,0,0,88.625,1.375,1.5
2018/1/17,11,2.1,6.475,0,0,83.375,1.625,0
2018/1/18,7.4,1.5,5.05,0,0,88.75,2.5,0
2018/1/19,7.3,3.6,5.5125,0,0,92,1,3.6
2018/1/20,7.9,5.1,6.5,0,0,91.125,0.625,0
2018/1/21,8.5,2,6.1375,0,0,93.125,0.75,2.2
2018/1/22,11.7,0,5.4875,0,0,88.375,1.25,0
2018/1/23,4.8,1.6,3.3625,0,0,86.75,3.875,0
2018/1/24,1.6,-0.1,1.0875,0,0,92.875,4.375,6.9
2018/1/25,-0.4,-2.5,-1.2375,0,0,89.75,5,7
2018/1/26,-1.1,-2.8,-2.0375,0,0,87.75,,2.2
2018/1/27,-2.3,-3.4,-2.8125,0,0,88.25,,16.2
2018/1/28,0.4,-4.1,-2.1375,0,0,75.75,2.5,0
2018/1/29,1.8,-7.8,-3.3625,0,0,75.75,1.375,0
2018/1/30,4,-7.3,-1.05,0,0,65.625,1,0
2018/1/31,6.1,-3.7,1.45,0,0,61,1.25,0
2018/2/1,7.6,-5.7,0.725,0,0,72.5,0.5,0
2018/2/2,8,-0.6,2.525,0,0,56.5,3.875,0
2018/2/3,3.4,-4.2,-1.67E-16,0,0,48,2.25,0
2018/2/4,4.3,-5.7,-0.7,0,0,52.25,1.625,0
2018/2/5,8,-5.9,-0.0625,0,0,65.75,0.75,0
2018/2/6,8.9,-5.8,0.8,0,0,67.375,0.625,0
2018/2/7,9.3,-3.2,2.025,0,0,72.875,0.5,0
2018/2/8,11.2,-3.6,4.3,0,0,63.625,1.625,0
2018/2/9,10.8,4.7,7.3375,0,0,62.75,1.125,0
2018/2/10,9,0.5,6.55,0,0,64.25,2.875,0
2018/2/11,11.5,-1.9,3.75,0,0,69.75,1.5,0
2018/2/12,12.5,-1.2,5.4125,0,0,43.5,1.5,0
2018/2/13,16.4,-1.3,8.85,0,0,55,2.25,0
2018/2/14,13.5,4.8,10.7375,0,0,60.625,1.625,0
2018/2/15,10.2,5.7,8.2375,0,0,80.75,3.125,0
2018/2/16,13.3,3.5,8.3625,0,0,75.75,1.5,0
2018/2/17,14.7,3.1,10.1125,0,0,76.75,2.5,0
2018/2/18,9.8,6.5,7.525,0,0,86.625,2.875,1.4
2018/2/19,6.6,4.6,5.7,0,0,89.125,2.125,2.4
2018/2/20,6.3,5,5.7875,0,0,92.25,1.75,12.5
2018/2/21,6.9,4.8,6.0625,0,0,84.625,2.5,0
2018/2/22,12.2,3.6,7.45,0,0,72.875,1.625,0
2018/2/23,16.3,3.9,10.9625,0,0,66,1.625,0
2018/2/24,15.9,7.8,11.5625,0,0,64,2.5,0
2018/2/25,13.5,3.5,7.4375,0,0,72,1.375,0
2018/2/26,18.5,1.9,10.25,0,0,76.875,1.375,0
2018/2/27,11.2,9.6,10.7875,0,0,89.25,1.875,14.2
2018/2/28,16.7,7.6,11.425,0,0,83,1.625,20
2018/3/1,15.1,6.2,10.875,0,0,85.875,2.75,4
2018/3/2,13.2,7.3,9.8125,0,0,90.75,1.875,25.1
2018/3/3,19.7,10.8,14.175,0,0,91.375,1.625,2.1
2018/3/4,18,8.8,13.8625,0,0,91,4,6
2018/3/5,12.6,7.6,9.7625,0,0,74.75,4,1.8
2018/3/6,8.8,4.8,7.075,0,0,82.75,3.125,16.4
2018/3/7,6.9,3.4,5.4375,0,0,88.625,2.625,14
2018/3/8,11.4,0.2,5.8875,0,0,82.375,1.25,0
2018/3/9,14.7,0.3,7.2375,0,0,78.125,0.75,0
2018/3/10,20,3.9,11.9875,0,0,69.25,1.75,0
2018/3/11,20.6,7.6,14.325,0,0,61.75,1.375,0
2018/3/12,22.8,7.3,14.95,0,0,70.375,0.875,0
2018/3/13,23.1,9.2,16.925,0,0,76.75,1.875,2
2018/3/14,23.9,16.3,19.35,0,0,83.625,1.75,5
2018/3/15,24.8,12.9,19.025,0,0,80.875,3.5,0.6
2018/3/16,12,8.8,10.35,0,0,72.125,4.75,0
2018/3/17,12.8,9.8,10.9625,0,0,85.875,1.875,14
2018/3/18,9.5,6.9,8.025,0,0,92.5,3.5,33.8
2018/3/19,8.8,6.7,7.55,0,0,90.5,3.5,12
2018/3/20,12.7,3.9,8.25,0,0,79.375,2.625,3.5
2018/3/21,15.1,0.7,7.6,0,0,73.875,0.625,0
2018/3/22,18.5,4.5,10.475,0,0,79.25,1.375,0.4
2018/3/23,24.4,6.1,15.075,0,0,72.5,1.125,0
2018/3/24,21,13.8,17.075,0,0,73,1.875,0
2018/3/25,20.1,12.1,15.7625,0,0,84,1,0
2018/3/26,21.7,9.3,15.9625,0,0,81.5,1,0
2018/3/27,25.1,11.4,18.175,0,0,77.875,1.75,0
2018/3/28,28.1,12.9,20.2125,0,0,68.5,1.25,0
2018/3/29,23.2,17.2,19.675,0,0,74.125,1.5,0
2018/3/30,26.3,14.7,20.225,0,0,73.5,1.875,0
2018/3/31,26.3,15.7,19.925,0,0,70,1,0
2018/4/1,26.3,15.3,20.5375,0,0,80.875,0.625,0
2018/4/2,29.3,18.7,23.1625,0,0,79.25,0.75,0.5
2018/4/3,31.6,18.7,24.4125,0,0,73.125,1.875,0
2018/4/4,16.3,12.4,14.225,0,0,66.125,4.875,0
2018/4/5,12.4,6.8,8.15,0,0,92,3.875,37
2018/4/6,19,8.6,13.175,0,0,62,2.625,0
2018/4/7,17.4,4,11.1,0,0,53.25,1.125,0
2018/4/8,23.6,10.5,16.7375,0,0,50.75,2.875,0
2018/4/9,27.2,10.7,19.1375,0,0,58.125,1.875,0
2018/4/10,28.5,15.8,22.5,0,0,60.125,2.375,0
2018/4/11,27,17.2,22.675,0,0,75.125,1.25,0
2018/4/12,23.6,15.8,20.3125,0,0,90.125,2.25,24
2018/4/13,15.1,12.1,13.1375,0,0,92,4,16.1
2018/4/14,15.8,11.5,13.1125,0,0,76.375,2.625,0.5
2018/4/15,19.9,9.9,14.8125,0,0,71.5,1,0
2018/4/16,22,10.9,16.0125,0,0,67.375,0.5,0
2018/4/17,24.5,10.2,17.475,0,0,68.75,1.875,0
2018/4/18,28.3,15.6,21.575,0,0,63.125,2.125,0
2018/4/19,30.5,17.9,24.2375,0,0,53.5,2.25,0
2018/4/20,29.3,20.8,25.2375,0,0,58.125,2.5,0
2018/4/21,26.4,22,24.3375,0,0,76.5,2.75,0
2018/4/22,27.7,14.4,21.4,0,0,86.5,3.125,12
2018/4/23,15.5,13.1,14.0125,0,0,87.375,4.125,20
2018/4/24,19.5,14.4,16.9625,0,0,78.375,3,0
2018/4/25,21.6,15.7,18.675,0,0,70.75,1.875,0
2018/4/26,22.1,16.1,18.57142857,0,0,76,0.428571429,0
2018/4/27,26.4,15,20.425,0,0,79.625,0.875,0
2018/4/28,27.9,16,22.0625,0,0,77.375,0.75,0
2018/4/29,26.5,18.4,22.8625,0,0,83.125,1,0
2018/4/30,29.4,20.9,24.6,0,0,83.375,1,0
2018/5/1,27.5,22,24.4625,0,0,82.25,0.875,0.9
2018/5/2,26.9,20.1,23.2625,0,0,70.125,2.625,0
2018/5/3,27.3,14.5,20.4125,0,0,61.125,1,0
2018/5/4,26.2,14.6,21.75,0,0,60.75,1.875,0
2018/5/5,28.5,19.7,24.8,0,0,79.5,2.75,5.4
2018/5/6,26.8,19.4,22.725,0,0,81.375,2.875,14
2018/5/7,22.6,17.6,19.6625,0,0,79.5,2.25,0
2018/5/8,23.7,14.7,19.4,0,0,80.125,1.375,0
2018/5/9,27.6,14.2,21.45,0,0,69.75,1.375,0
2018/5/10,23.5,17.5,20.025,0,0,72.25,1.75,0.8
2018/5/11,21.1,19.5,20.3125,0,0,94.375,1,11
2018/5/12,26.2,18.4,22.425,0,0,83.625,1.125,0
2018/5/13,29.6,17.5,22.925,0,0,79.125,0.875,0
2018/5/14,32.5,18.9,27.4625,0,0,74,2.375,0
2018/5/15,32.7,27.2,30.2125,0,0,62.25,3.125,0
2018/5/16,34.6,28.3,31.5875,0,0,58.25,4.5,0
2018/5/17,34.8,26.9,30.7875,0,0,66.5,2.25,0
2018/5/18,28.7,22.5,25.7625,0,0,86.25,1.5,33.4
2018/5/19,30.2,22.7,26.625,0,0,82,1.125,0.1
2018/5/20,25.3,21.3,23.5125,0,0,91.125,2.25,22
2018/5/21,23.3,19.9,21.475,0,0,93.875,1.75,5.3
2018/5/22,21.7,17.5,18.975,0,0,87.875,2.875,6.7
2018/5/23,25.3,15.6,21.125,0,0,76.375,1.125,0
2018/5/24,27.8,20.1,24.25,0,0,81.125,1.125,0
2018/5/25,31.5,22.3,26.4875,0,0,84,1.5,65
2018/5/26,27.1,21.8,24.3375,0,0,82.75,1.5,36
2018/5/27,28.5,20.8,23.925,0,0,67.75,1.375,0
2018/5/28,27.3,19.6,23.6,0,0,72.625,0.75,0
2018/5/29,29.3,20.5,24.375,0,0,74.75,0.875,0
2018/5/30,23.1,19.5,21.6,0,0,88.5,1.125,8
2018/5/31,22.7,18.4,20.1125,0,0,91.125,1.5,25.3
2018/6/1,28.2,17.5,22.7375,0,0,79.75,1,0.1
2018/6/2,25.6,18.9,22.2875,0,0,75.625,0.625,2.4
2018/6/3,28.6,17.8,23.3625,0,0,76.875,0.75,0
2018/6/4,27.9,20.4,24.25,0,0,81,0.75,0
2018/6/5,26.6,20.5,23.5625,0,0,84.875,0.875,0
2018/6/6,30.9,19.4,24.3875,0,0,76.375,1,0
2018/6/7,32.3,19.5,25.875,0,0,73,0.5,0
2018/6/8,30.8,22.5,25.875,0,0,87.25,1.5,4
2018/6/9,26.7,21.5,24.0375,0,0,81.875,2.5,8.2
2018/6/10,29.3,18.6,23.9,0,0,76,1.5,0
2018/6/11,31.3,20.4,26.0375,0,0,70.625,0.875,0
2018/6/12,32.8,22.5,27.8625,0,0,65.375,1.5,0
2018/6/13,30.8,20.9,26.5,0,0,69.875,1.5,0
2018/6/14,31.5,20.4,26.625,0,0,73.625,0.875,0
2018/6/15,34.7,21.3,28.2375,0,0,66.875,0.375,0
2018/6/16,33.3,24.6,29.0125,0,0,62.375,1.25,0
2018/6/17,33.5,24.2,28.6,0,0,68.5,0.875,0
2018/6/18,35,25.8,30.5,0,0,63.25,1.125,0
2018/6/19,29.7,23.7,24.975,0,0,90.25,2.125,9.4
2018/6/20,26.8,23.1,24.7625,0,0,88.125,1.5,0.1
2018/6/21,31.2,22.5,26.8,0,0,78.25,1,0
2018/6/22,25.2,22.8,23.8125,0,0,93.875,1.375,26
2018/6/23,31,21.4,26.1,0,0,82.25,1.125,0
2018/6/24,33.1,25,29,0,0,79,1.875,0
2018/6/25,35.3,25.8,30.8875,0,0,72.375,2.25,10
2018/6/26,34.4,28.4,31.7875,0,0,65.875,3.625,0
2018/6/27,34,29.3,31.9375,0,0,63.375,3.125,0
2018/6/28,31.4,26.6,29.2875,0,0,78.875,1.875,1
2018/6/29,34.3,25.2,29.2125,0,0,82.5,0.875,0
2018/6/30,30,24.9,26.5,0,0,88.375,1.125,7
2018/7/1,32.6,24.2,27.725,0,0,83.375,1.5,3.3
2018/7/2,30,26.4,28.05,0,0,86.75,1,23
2018/7/3,30.8,26.1,28.35,0,0,89,0.875,2
2018/7/4,34.6,26.9,30.875,0,0,81.25,1.75,0
2018/7/5,28.2,25,25.925,0,0,94.75,1.125,73
2018/7/6,28.9,24.8,26.725,0,0,85,2.125,0
2018/7/7,27.9,25.3,26.4875,0,0,85.875,3,0
2018/7/8,29.7,25,26.575,0,0,92.25,1.875,5
2018/7/9,31.4,25.7,28.1375,0,0,88.5,1.25,1.9
2018/7/10,34.8,26.4,29.95,0,0,83.125,1,0
2018/7/11,35.6,27.2,31.525,0,0,75.75,2.5,0
2018/7/12,29.7,27.5,28.7375,0,0,78.875,2.375,0.9
2018/7/13,32.8,27.3,29.5125,0,0,77.25,2.5,0
2018/7/14,34.5,26.8,30.9125,0,0,77.25,1.125,0
2018/7/15,35.9,27.3,31.9875,0,0,69.75,1.125,0
2018/7/16,35.4,27.5,31.6125,0,0,68.25,1.625,0
2018/7/17,36.1,28.2,32.0375,0,0,66.75,1.25,0
2018/7/18,36.7,28.8,32.9,0,0,63.375,1.75,0
2018/7/19,36.4,29.2,32.8,0,0,63.625,1.375,0
2018/7/20,36.9,27.6,32.375,0,0,66.875,1.375,0
2018/7/21,38,26.6,32.925,0,0,65,1.625,0
2018/7/22,36.3,27.9,32.475,0,0,63.25,2.375,0
2018/7/23,36.1,27.5,31.725,0,0,67.875,1.875,0
2018/7/24,36.2,27.8,32.0125,0,0,72,0.875,0
2018/7/25,36.3,28.5,32.9125,0,0,66.25,1.875,0
2018/7/26,36.7,28.6,32.7625,0,0,67.875,1.25,0
2018/7/27,36.5,28.5,31.525,0,0,68.5,2,0
2018/7/28,34.4,26.9,29.7875,0,0,75.5,2,0.4
2018/7/29,35.9,26.1,30.5375,0,0,76.375,1.125,0.2
2018/7/30,36.4,24.6,31.2125,0,0,69.875,1.375,3.1
2018/7/31,34.5,26.3,29.975,0,0,77.125,1.25,1
2018/8/1,36.7,26.2,31.1125,0,0,72.875,1.25,0
2018/8/2,34.2,26.7,30.1,0,0,80.75,1.375,6
2018/8/3,34.9,26.1,30.3375,0,0,76.25,1.5,5.1
2018/8/4,33.7,26,28.2,0,0,86.875,1.25,11.1
2018/8/5,33.7,24.9,29.2625,0,0,80.875,0.875,0
2018/8/6,32.8,27,30.0375,0,0,81.25,1.375,0.4
2018/8/7,34.1,26.2,30.625,0,0,78.75,0.875,0
2018/8/8,35.3,27.3,30.475,0,0,83.625,0.375,6.1
2018/8/9,37.3,27.5,31.2875,0,0,77.375,0.875,0
2018/8/10,34.2,27,29.9125,0,0,82.5,0.75,0
2018/8/11,37.1,26.7,31.8125,0,0,73.5,0.875,0
2018/8/12,37.7,27.8,32.9375,0,0,66.875,1.875,0
2018/8/13,33.2,26.7,29.6375,0,0,75.75,3.375,5.2
2018/8/14,32.5,26.6,29.6125,0,0,80,1.5,0
2018/8/15,36.2,26.7,31.425,0,0,73.5,3.25,0
2018/8/16,31.8,25.8,28.9125,0,0,69.875,4.625,0
2018/8/17,28.7,24,25.6625,0,0,86.5,3.625,6
2018/8/18,28.3,23.3,26.1875,0,0,82.25,2.125,6
2018/8/19,33,25.3,27.875,0,0,81.875,1.625,12
2018/8/20,33,24,28.375,0,0,75.75,1.5,0
2018/8/21,33.6,23.6,28.9625,0,0,70.25,2.125,0
2018/8/22,33.2,25.3,29.35,0,0,69,2.75,0
2018/8/23,32.1,25.3,28.4625,0,0,72.375,2.625,0
2018/8/24,33.8,23.8,28.5375,0,0,64.75,2,0
2018/8/25,33.5,22.9,28.6,0,0,60.75,2.5,0
2018/8/26,29.2,25.6,26.825,0,0,75.875,2.25,2.2
2018/8/27,33.7,24.9,29.2625,0,0,71.875,2.875,0
2018/8/28,34.9,26.2,30.4125,0,0,73.5,1.625,0
2018/8/29,35.1,26.6,30.6875,0,0,76.375,2.625,8
2018/8/30,35.5,27.2,30.85,0,0,71.75,2.25,0
2018/8/31,29.6,26.2,27.525,0,0,89.625,1.5,30
2018/9/1,31.4,26.2,27.8625,0,0,88.25,1.375,2.3
2018/9/2,31.6,26.1,28.2,0,0,89.25,0.875,13
2018/9/3,34.5,26.4,29.2125,0,0,86,0.625,2
2018/9/4,34.9,23.8,28.7125,0,0,74.5,0.5,0
2018/9/5,32.5,23.5,28.375,0,0,74.375,0.875,0
2018/9/6,27.5,22,24.2875,0,0,83.5,1.25,14
2018/9/7,25.6,20.1,23.4625,0,0,67.25,1.875,0.2
2018/9/8,29.1,15.6,22.0875,0,0,69.25,1.5,0
2018/9/9,28.6,15.8,23.05,0,0,64.75,1.5,0
2018/9/10,26,18.3,22.1125,0,0,77,0.625,0
2018/9/11,28.7,18.5,23.6375,0,0,74.875,0.75,0
2018/9/12,28.8,20.6,23.7375,0,0,78.125,0.5,0
2018/9/13,27.6,21.8,24.325,0,0,80.875,0.875,0
2018/9/14,31.2,21.4,26.1625,0,0,71.5,1.25,0
2018/9/15,31.7,22.9,27.15,0,0,69.5,2.875,0
2018/9/16,30.8,23.3,26.45,0,0,72.625,4.125,0
2018/9/17,29.8,23.7,25.9375,0,0,76.375,3.5,0
2018/9/18,31.5,23.4,27.0625,0,0,84.5,1.125,1.4
2018/9/19,33.4,24.3,28.9625,0,0,77.875,1.625,0
2018/9/20,28.4,21.8,25.45,0,0,81,2.5,0
2018/9/21,26.2,20.3,22.7375,0,0,76.875,1.75,1
2018/9/22,27.4,20,23.1125,0,0,74.5,1.25,0
2018/9/23,30.4,19,23.975,0,0,73.75,0.375,0
2018/9/24,29.7,19,24.2,0,0,70.75,1.375,0
2018/9/25,24.6,21.2,22.575,0,0,73.25,2.375,0.9
2018/9/26,20.2,17.6,18.9625,0,0,89.5,2.125,6.6
2018/9/27,24.6,18.7,21.4625,0,0,75.75,1.5,0
2018/9/28,27,17.2,21.8375,0,0,70.125,1.25,0
2018/9/29,29.2,14.7,21.05,0,0,71.5,0.875,0
2018/9/30,29,14.3,21.2875,0,0,70.625,1.25,0
2018/10/1,26.7,13.6,19.2625,0,0,61.125,0.875,0
2018/10/2,26.1,14.4,19.225,0,0,67,0.75,0
2018/10/3,26.8,11.7,18.95,0,0,67.375,0.625,0
2018/10/4,27.2,12.2,19.35,0,0,67,0.625,0
2018/10/5,27.1,12.3,18.8,0,0,68,1.625,0
2018/10/6,27.4,12.3,19.0625,0,0,71.75,0.625,0
2018/10/7,27.5,13.2,19.8625,0,0,71.125,0.75,0
2018/10/8,26.4,17.8,21.1,0,0,71.75,0.875,0
2018/10/9,21,17.6,18.9875,0,0,84.5,0.875,0
2018/10/10,24.1,11.1,17.2875,0,0,55.375,1.375,0
2018/10/11,23.3,8.9,16.175,0,0,59.5,1,0
2018/10/12,23.9,11.2,17.575,0,0,55.875,1.375,0
2018/10/13,22.6,10.7,17.7375,0,0,61.25,1.5,0
2018/10/14,14.8,13.9,14.3,0,0,95.875,2.25,6.9
2018/10/15,16.8,14.5,15.825,0,0,92.375,1,0.1
2018/10/16,20.2,15.5,17.2625,0,0,88.375,0.75,0
2018/10/17,23.4,13.4,17.925,0,0,75.625,1.375,0
2018/10/18,22.7,10.9,17.3,0,0,67.75,1.375,0
2018/10/19,20,12.6,15.8375,0,0,70.125,1.5,0.9
2018/10/20,16.4,12.7,14.625,0,0,90.5,1.125,5.7
2018/10/21,15.3,13.2,14.6,0,0,96,1.375,5.8
2018/10/22,20.7,13.4,16.5375,0,0,85.625,0.875,2
2018/10/23,23.6,11.3,16.525,0,0,78.875,0.875,0
2018/10/24,24,12.1,18.225,0,0,80.125,1,0.5
2018/10/25,20.4,17,18.35,0,0,89.625,1,0
2018/10/26,23.8,10.4,17.2875,0,0,74.125,1,0
2018/10/27,23,7.9,14.2375,0,0,59.875,1.25,0
2018/10/28,26.1,7.8,17.0375,0,0,66.5,1,0
2018/10/29,26.6,10.1,16.525,0,0,71.125,0.5,0
2018/10/30,26.6,8.9,16.2625,0,0,69.5,0.625,0
2018/10/31,26.7,8.6,15.8875,0,0,67.375,0.375,0
2018/11/1,24.1,8.4,15.775,0,0,64,1.5,0
2018/11/2,23,10.1,17.0875,0,0,52.5,1.5,0
2018/11/3,23.2,10.7,18.225,0,0,66.25,1.25,0
2018/11/4,23.6,17.6,20.075,0,0,76.625,0.875,0
2018/11/5,19.1,12.2,15.925,0,0,72.875,4.125,0
2018/11/6,10.7,8.2,9.2875,0,0,95.25,3.625,34.6
2018/11/7,8.3,7.1,7.775,0,0,93.625,2.375,15.2
2018/11/8,13.9,5.7,8.8375,0,0,85.875,1.375,1.1
2018/11/9,18.3,4.8,11.625,0,0,81.125,0.625,0
2018/11/10,15,11.7,12.6,0,0,91,1.125,24.9
2018/11/11,16.5,11.5,13.5625,0,0,84.75,1.25,4
2018/11/12,16.6,9.2,12.5125,0,0,86.75,1,1.4
2018/11/13,17,8.9,13.5125,0,0,85.75,0.625,0
2018/11/14,14.4,12.4,13.775,0,0,91.875,1.75,3.2
2018/11/15,15.3,12.3,13.675,0,0,88,1.625,0.5
2018/11/16,14,11.7,13.0625,0,0,80.875,3.75,2.1
2018/11/17,10.5,7.7,9.3375,0,0,93.75,3,6.3
2018/11/18,9.7,4.3,7.325,0,0,91.625,2.125,10.7
2018/11/19,13.7,2.7,8.5125,0,0,84.5,0.375,0
2018/11/20,14.4,7.1,11.1375,0,0,86.75,0.625,0.2
2018/11/21,15.1,7.5,11.975,0,0,74.125,2.75,0.4
2018/11/22,14.8,2.2,8.45,0,0,76.125,0.75,0
2018/11/23,17.3,3.4,10.05,0,0,74.75,1.625,0
2018/11/24,17.7,4.3,10.4875,0,0,81.125,0.875,0
2018/11/25,19.5,7.4,12.0125,0,0,83.5,0.375,0
2018/11/26,19.5,5.2,10.7375,0,0,85.125,0.375,0
2018/11/27,19.9,5.3,10.925,0,0,81.75,0.25,0
2018/11/28,20.2,7.4,12.325,0,0,81.375,0.5,0
2018/11/29,21.5,7.3,13.2875,0,0,79.75,1.375,0
2018/11/30,15.7,8.7,11.8375,0,0,85.875,1.75,0
2018/12/1,14.7,10.4,11.8375,0,0,86,1.25,0
2018/12/2,12.8,11.6,12.3,0,0,96.25,1.375,1.6
2018/12/3,12.7,9.6,11.1,0,0,96.875,2.625,18
2018/12/4,10.2,8.2,9,0,0,76,3.125,1.6
2018/12/5,8.5,6.3,7.8375,0,0,91.375,1.875,11
2018/12/6,5.7,4.5,5.0875,0,0,93.75,3.625,13.9
2018/12/7,5,1.7,2.85,0,0,84.75,4.25,12.1
2018/12/8,3.5,1.1,2.15,0,0,61.5,3.5,0
2018/12/9,2.9,1.4,2.15,0,0,59.375,2.375,0
2018/12/10,1.9,1.3,1.475,0,0,83.75,1.875,0.8
2018/12/11,4.4,0.4,2.1375,0,0,78.375,2.625,0
2018/12/12,7.1,-3.5,1.1875,0,0,70.625,1.5,0
2018/12/13,9,-2.9,3.2,0,0,64.75,0.75,0
2018/12/14,7.3,4,5.5375,0,0,59,1.375,0
2018/12/15,6.6,4.6,5.4375,0,0,64.5,1,0
2018/12/16,12.2,-1,4.6375,0,0,76.25,1,0
2018/12/17,14.8,-1.5,5.225,0,0,79.625,1,0
2018/12/18,16.7,0.2,8.3875,0,0,72.875,1.25,0
2018/12/19,11.3,7.8,9.6125,0,0,82.5,1,0
2018/12/20,12.4,8.7,10.45,0,0,92.875,0.75,2.5
2018/12/21,12.6,10.1,11.0875,0,0,90.75,1.5,0.7
2018/12/22,9.9,8,9.1125,0,0,95.875,1.75,11.3
2018/12/23,11.2,4.2,7.6375,0,0,68,2.875,0
2018/12/24,10.9,6.6,8.35,0,0,70,1.75,0
2018/12/25,6.6,5.6,6.125,0,0,95.875,1.75,4.5
2018/12/26,6.6,3.7,5.35,0,0,93.625,2.625,3.5
2018/12/27,5.4,2.3,3.925,0,0,90.125,3.875,1.3
2018/12/28,1.2,-0.9,0.25,0,0,69.5,6,1.4
2018/12/29,0.7,-2.2,-0.7375,0,0,41.375,3.5,0
2018/12/30,-1.3,-6.7,-3.1125,0,0,88.875,1.75,7.4
2018/12/31,0.8,-8.2,-3.275,0,0,82.125,0.75,0
2019/1/1,1.9,-6.4,-1.475,0,0,86,0.75,0
2019/1/2,3.7,0.4,2.0875,0,0,84,0.625,0
2019/1/3,7.3,0.9,4.3375,0,0,83.75,1.125,0
2019/1/4,7.1,4,5.075,0,0,85.5,2.125,7
2019/1/5,4.5,0.5,2.8,0,0,83.125,1.5,0
2019/1/6,6.3,-1.6,2.8,0,0,83.875,1.625,0
2019/1/7,4.8,3.3,4.2375,0,0,77.125,2.5,0
2019/1/8,5,-0.4,2.275,0,0,85.125,2.125,3
2019/1/9,2.9,0.6,1.8625,0,0,96.5,2,17
2019/1/10,3.4,1.2,2.2875,0,0,91.75,2,0.8
2019/1/11,4,-1.3,2.0375,0,0,89.75,1.5,2.5
2019/1/12,5.2,-2.7,1.9125,0,0,90.25,1.25,0
2019/1/13,10.4,0.5,5.9875,0,0,80.75,1.25,0
2019/1/14,5.9,4.2,4.775,0,0,91.375,2.25,3
2019/1/15,5,2,3.3625,0,0,81.25,2.75,0
2019/1/16,4.4,-2.8,0.2375,0,0,64.625,1.25,0
2019/1/17,7.8,-4,1.125,0,0,82.625,1,0
2019/1/18,5.7,-2.7,2.45,0,0,92.375,1,0
2019/1/19,6.2,4.7,5.375,0,0,87.375,1.375,0
2019/1/20,8,1,4.7125,0,0,69,2.875,0
2019/1/21,10.1,0.1,5.2875,0,0,57.625,1.625,0
2019/1/22,13,-2.6,4.5625,0,0,72.125,1.375,0
2019/1/23,15.2,-2,5.0625,0,0,73.125,0.75,0
2019/1/24,16.1,-1.5,7.625,0,0,65.625,0.875,0
2019/1/25,12.9,6.7,9.825,0,0,59.875,3.125,0.2
2019/1/26,7.7,3.7,5.5,0,0,65.375,1.75,0
2019/1/27,8.8,4.6,6.6125,0,0,57.5,1.25,0
2019/1/28,6.1,3.9,4.8125,0,0,87.75,1.25,2.6
2019/1/29,5.5,4.4,4.9875,0,0,94.25,0.875,1
2019/1/30,6,4.5,5.5125,0,0,97.75,1.875,8.1
2019/1/31,4.2,0.4,2.6625,0,0,86.25,2.5,15.7
2019/2/1,7.7,-2,3.8,0,0,81.75,1.25,0
2019/2/2,9.4,6.3,7.7625,0,0,79.375,1.875,0
2019/2/3,10.9,0.9,7.6375,0,0,67.125,2.375,0
2019/2/4,8.8,-0.4,4.1,0,0,84.875,0.625,0
2019/2/5,12.3,-1.8,5.125,0,0,84.75,1.625,0
2019/2/6,14.5,2.1,9.1125,0,0,90.375,2.25,0
2019/2/7,6.7,1.9,3.7125,0,0,88.875,4.625,5.2
2019/2/8,2.1,0,1.1125,0,0,93.5,3.285714286,15
2019/2/9,0.5,-0.4,0.0125,0,0,90.625,4.428571429,3
2019/2/10,0.1,-1,-0.35,0,0,93.875,2.25,1.3
2019/2/11,2.8,-1.2,0.9625,0,0,87.75,0.625,0
2019/2/12,3.3,2.5,2.9125,0,0,95.75,1.875,7.4
2019/2/13,3.4,2.6,3.0375,0,0,93.875,1.875,1.9
2019/2/14,4.3,1.9,3.1125,0,0,93.875,2,0.8
2019/2/15,3,1.5,2.2625,0,0,94,1.5,5.9
2019/2/16,2.9,2.4,2.625,0,0,85.25,2.75,3.4
2019/2/17,3.3,2,2.4875,0,0,72.875,2,0.9
2019/2/18,1.8,0.6,1.275,0,0,95.25,1.625,8.5
2019/2/19,3.8,0,2.3375,0,0,85.25,0.875,0
2019/2/20,5.6,3.1,4.125,0,0,86.25,2,3.5
2019/2/21,4.5,2.3,3.7,0,0,94.125,1.625,5
2019/2/22,7,2,3.9125,0,0,83.75,1.75,2
2019/2/23,8.5,2.9,5.075,0,0,83.125,1.125,0
2019/2/24,11.7,2.6,7.1,0,0,75.375,1,0
2019/2/25,12.2,6,8.9,0,0,74.5,0.75,0
2019/2/26,10.4,6.5,8.15,0,0,84.375,1.5,1.1
2019/2/27,7.1,4.6,5.8375,0,0,88.625,1.75,5.5
2019/2/28,10.1,4.6,7.6,0,0,84.75,1,0
2019/3/1,8.6,7.2,7.95,0,0,95.75,1.875,6.2
2019/3/2,7.9,6.1,7.0375,0,0,91.625,2.375,17.7
2019/3/3,13.6,4.3,8.0625,0,0,78,1.75,0
2019/3/4,15.2,3,10,0,0,73.875,2.5,0
2019/3/5,12.5,9,10.4375,0,0,92.5,1.375,15
2019/3/6,16.8,7.6,12.0625,0,0,73.125,1.75,0
2019/3/7,15.2,8.6,11.3625,0,0,43.75,4,0
2019/3/8,13.2,4.6,9.675,0,0,64.875,1.25,0
2019/3/9,16.5,5.5,11.275,0,0,65.25,0.75,0
2019/3/10,19.3,4.7,11.525,0,0,71.875,0.875,0
2019/3/11,21,6.2,12.7,0,0,66.875,0.875,0
2019/3/12,22.4,6.6,13.2625,0,0,58.75,1.375,0
2019/3/13,19.7,5.8,12.45,0,0,71.75,1.625,2
2019/3/14,19.4,9.9,14.2,0,0,69.625,1.625,4.1
2019/3/15,21.6,8.2,14.8625,0,0,65.5,0.875,0
2019/3/16,19.4,8.5,13.4875,0,0,75.5,1.375,0
2019/3/17,18.4,7.7,13.5875,0,0,75.5,0.875,0
2019/3/18,19.6,10.1,14.7625,0,0,76.125,1.75,0
2019/3/19,20.8,8.5,16.7625,0,0,72.25,2.625,0
2019/3/20,25.9,16.2,21.125,0,0,73.375,2.5,0
2019/3/21,20.4,8.4,14.775,0,0,72.125,4.625,0
2019/3/22,10.3,7.7,9.0875,0,0,78.125,2.5,8
2019/3/23,14.9,4.4,9.725,0,0,78.75,1.25,0.6
2019/3/24,13.9,7.8,10.975,0,0,81.25,0.875,0
2019/3/25,18.7,6.6,12.1,0,0,79.125,1.875,0
2019/3/26,21.6,7.8,15.15,0,0,72.375,1.875,0
2019/3/27,15.8,12.7,14.3375,0,0,90.75,1.5,1.7
2019/3/28,18.4,12,15.0375,0,0,92.75,1.625,0
2019/3/29,22.8,10.8,16.4125,0,0,85.75,0.875,0
2019/3/30,20.6,12.1,15.4125,0,0,64.125,3.25,0
2019/3/31,18.9,9.3,13.375,0,0,75,1.5,7
2019/4/1,21.2,5.7,14.4625,0,0,64.875,1.375,0
2019/4/2,15.5,11.4,12.6375,0,0,85.875,2,19
2019/4/3,20.7,11.8,15.4625,0,0,73.375,1.375,4
2019/4/4,19.6,11.4,15.4625,0,0,79.75,1.625,0
2019/4/5,23,13.2,17.1375,0,0,81.125,2.5,0
2019/4/6,27.7,13.3,20.0125,0,0,73,2.125,0
2019/4/7,29.8,17.6,22.775,0,0,68.5,1.75,0
2019/4/8,32.8,17.7,26.625,0,0,59.625,2.75,0
2019/4/9,26.5,9.2,15.0375,0,0,84.125,4.5,23.6
2019/4/10,11.2,8.5,9.4625,0,0,80.5,2.375,2
2019/4/11,17.8,8.8,12.375,0,0,80.25,1.5,14
2019/4/12,22.2,8.3,15.7875,0,0,68.5,2.125,0
2019/4/13,22.4,12.9,17.825,0,0,78.625,1.375,0
2019/4/14,21.1,11.2,16.6875,0,0,69.375,2.625,0.2
2019/4/15,23.2,8.3,16.6125,0,0,69,1.625,0
2019/4/16,25.1,12.8,18.575,0,0,74,2.375,0
2019/4/17,28.7,13.6,20.65,0,0,71.25,1.625,0
2019/4/18,30.1,15.9,23.9,0,0,69.5,2,0.2
2019/4/19,27.8,19.1,22.8375,0,0,77.875,3.125,9
2019/4/20,27,17.4,21.975,0,0,72.75,2.375,0
2019/4/21,19.2,16.7,17.9125,0,0,91.875,2.25,23
2019/4/22,18.7,16.3,17.55,0,0,93.625,1.25,3.4
2019/4/23,23.3,17.7,20.6625,0,0,85.875,1.125,0.2
2019/4/24,27.9,17.4,22.3,0,0,84.25,0.625,0
2019/4/25,27,17.9,21.7875,0,0,83.875,2.25,0
2019/4/26,19.5,14.7,17.1875,0,0,80.5,3.125,0
2019/4/27,21.2,14.3,17.1625,0,0,70.125,2.75,0
2019/4/28,13.8,11.6,12.2,0,0,94.625,2.5,18
2019/4/29,16.7,11.6,13.9375,0,0,90.75,1.875,38
2019/4/30,22.7,10.7,17.225,0,0,84.5,1.125,0
2019/5/1,26.5,13.5,20.3125,0,0,60.625,2.125,0
2019/5/2,25.9,13.6,19.7,0,0,58.875,1,0
2019/5/3,27,12.8,20.5875,0,0,66.375,1.5,0
2019/5/4,28.5,16.7,22.525,0,0,70.5,0.875,0
2019/5/5,25.1,17.6,21.1375,0,0,74.5,0.75,0
2019/5/6,21.2,18.1,19.4875,0,0,67.625,2.875,1.3
2019/5/7,18.4,15.5,16.7125,0,0,67.25,1.5,0.5
2019/5/8,24,14,18.625,0,0,61.75,1,0
2019/5/9,25.4,12.8,19.85,0,0,66.125,1,0
2019/5/10,27.6,13.9,21.125,0,0,71.25,0.75,0
2019/5/11,30.5,14.8,22.9125,0,0,69.125,0.875,0
2019/5/12,28.4,17.7,23.6125,0,0,81.125,1.125,0.1
2019/5/13,21.6,18.7,20.825,0,0,69,1.75,0
2019/5/14,21.5,16.2,18.8,0,0,87.625,0.625,10
2019/5/15,19.6,18.6,19.225,0,0,99.25,1.125,11.9
2019/5/16,23.9,19.6,21.475,0,0,93.5,0.875,0
2019/5/17,28.5,20.4,23.4375,0,0,87.75,0.5,1.1
2019/5/18,28.4,18.6,24.275,0,0,85.125,1.5,0.7
2019/5/19,25.2,20.5,22.675,0,0,88,1.75,23.3
2019/5/20,24.7,15.9,21.275,0,0,46.875,2.875,0
2019/5/21,24.2,12.7,18.85,0,0,71.25,0.75,0
2019/5/22,28.4,12.2,20.575,0,0,74.875,0.75,0
2019/5/23,31.7,14.8,23.1875,0,0,65.5,0.875,0
2019/5/24,31.4,18.6,25.9875,0,0,67.5,2,0
2019/5/25,23.9,21.6,22.9375,0,0,98.625,1.25,55.8
2019/5/26,29,21.4,24.05,0,0,90.875,0.875,64.1
2019/5/27,28.9,21.5,25.45,0,0,60,3.625,0
2019/5/28,26.9,19.4,23.25,0,0,54.25,2.375,0
2019/5/29,23.4,16.4,19.5,0,0,73.875,2.25,0.6
2019/5/30,20.4,16.3,18.475,0,0,92.375,0.875,17
2019/5/31,27.5,17.2,22.2,0,0,80.75,1,0
2019/6/1,28.3,19.4,24.375,0,0,76.625,1.625,0
2019/6/2,29.6,21.1,24.775,0,0,79.5,1.25,0
2019/6/3,32.7,19.7,26.4125,0,0,75.75,1.5,0
2019/6/4,34.7,22.1,29.3375,0,0,65.125,2.25,0
2019/6/5,33.9,26.1,28.775,0,0,75.25,2.75,15
2019/6/6,28,22.2,24.85,0,0,80.625,2.375,48.8
2019/6/7,30.9,20.8,25.9,0,0,77,1.5,0
2019/6/8,30.3,23.3,27,0,0,85.5,0.875,0
2019/6/9,31.9,24.6,28.0625,0,0,85.375,0.625,0
2019/6/10,33.2,25.8,29.125,0,0,75.75,1.875,0
2019/6/11,31.9,24.2,27.85,0,0,61.25,1.625,0
2019/6/12,26.8,21.4,23.8125,0,0,86.75,1,4.2
2019/6/13,27.7,18.9,23.4375,0,0,82,1.5,5
2019/6/14,31.6,21.1,25.8125,0,0,73.875,1.625,0
2019/6/15,31.9,19.8,26.2625,0,0,69.625,1,0
2019/6/16,27.3,22.6,24.9,0,0,76.75,1.875,0.1
2019/6/17,23,21.8,22.5,0,0,98.71428571,1.875,53
2019/6/18,27.3,22.4,24.5625,0,0,92,1.375,7
2019/6/19,27.7,23.7,25.7875,0,0,90.625,1.25,0
2019/6/20,33.9,24.7,28.4,0,0,87,2.25,0.1
2019/6/21,24.9,22.4,23.6625,0,0,99.125,2.25,176
2019/6/22,25.9,21.3,23.0125,0,0,88.75,2,12.2
2019/6/23,31.4,18.6,25.2625,0,0,74.125,1.75,0
2019/6/24,30.6,19.4,25.6625,0,0,72.125,1.375,0
2019/6/25,31.7,21.9,26.9625,0,0,76.125,1.125,0
2019/6/26,31.8,23.3,27.425,0,0,80.125,0.875,0
2019/6/27,33.9,23.5,29.1375,0,0,74.625,1.375,0
2019/6/28,33.9,23.6,29.2375,0,0,82.5,1.625,0.3
2019/6/29,26.7,22.3,23.8875,0,0,91.75,1.625,15.3
2019/6/30,30.8,22.5,26.55,0,0,84.5,1,0
2019/7/1,32.9,23.5,27.95,0,0,73.375,1.625,0
2019/7/2,33.9,22.8,28.575,0,0,72.75,1.5,0
2019/7/3,34.2,25,29.4125,0,0,74.75,1.625,0
2019/7/4,29.4,25.8,27.65,0,0,86.875,1,0
2019/7/5,30.1,24.9,27.575,0,0,82.625,1.625,0
2019/7/6,32.8,26.2,29.0875,0,0,80.125,1.5,0
2019/7/7,34.1,25.5,29.9125,0,0,63.5,1.875,0
2019/7/8,29.7,22.9,26.6375,0,0,70.75,3.125,0
2019/7/9,27.9,21.1,24.7,0,0,84.875,1.875,5.2
2019/7/10,31.4,21,26.1625,0,0,78,1,0
2019/7/11,31.2,22.2,27.15,0,0,75.375,1,0
2019/7/12,25.6,22.4,23.8375,0,0,92.25,2,8.3
2019/7/13,29.1,21.8,25.3,0,0,81.5,1.25,0
2019/7/14,31.2,22.5,26.5,0,0,81.75,1.25,0
2019/7/15,32.6,22.3,28.125,0,0,74.625,1.25,0
2019/7/16,33.4,24.8,29.4625,0,0,77.5,1.25,0
2019/7/17,32.2,26.1,28.4,0,0,89.75,1.5,5.5
2019/7/18,32.4,26.2,28.9125,0,0,86.625,1.625,7
2019/7/19,33.3,25.8,29.2875,0,0,76.625,1.875,0
2019/7/20,34.3,24.5,29.525,0,0,79,0.75,0
2019/7/21,35,26.1,30.5375,0,0,77.25,0.875,0
2019/7/22,35.6,27.9,31.825,0,0,77,2,0
2019/7/23,35,26,31.175,0,0,79.5,2,0
2019/7/24,34.4,26.5,30.7875,0,0,81.75,1.625,68
2019/7/25,35.6,29.6,32.5125,0,0,71,2.5,0
2019/7/26,35.9,30.7,33.25,0,0,66.875,3,0
2019/7/27,36.2,31,33.3625,0,0,64.25,3.25,0
2019/7/28,36.7,30,33.4875,0,0,66.625,2.125,0
2019/7/29,36.3,31,33.3375,0,0,67.125,2.25,0
2019/7/30,36.3,28.2,32.4875,0,0,66.25,3.125,0
2019/7/31,36.4,27.1,31.3125,0,0,72.25,1.375,0
2019/8/1,37.3,27.1,32.625,0,0,67,1.375,0
2019/8/2,35.1,27.8,30.975,0,0,71.125,1.875,1
2019/8/3,35.8,25.7,30.9,0,0,69.75,1.625,0
2019/8/4,35.3,26.5,31.0125,0,0,71.125,1.625,0
2019/8/5,34.6,26.3,29.6,0,0,83.625,1.5,3.1
2019/8/6,35.2,26.2,31.05,0,0,74.75,1.125,0
2019/8/7,34.2,28.5,31.1375,0,0,75.625,1.625,0
2019/8/8,36,27.3,31.725,0,0,71.625,2.75,0
2019/8/9,36.2,28.4,31.225,0,0,75.25,2,0.6
2019/8/10,34.9,27.6,30.6375,0,0,73.25,3.125,0
2019/8/11,33.6,25.1,28.9875,0,0,75.5,1.75,0
2019/8/12,34.2,24.1,28.875,0,0,79,1.125,10
2019/8/13,35.9,24.4,30.15,0,0,73.625,1.125,0
2019/8/14,36.2,26.8,31.225,0,0,68,1.5,0
2019/8/15,35.4,25.3,29.85,0,0,72.5,1.375,0
2019/8/16,36.1,23.7,29.8,0,0,76.125,1.5,0
2019/8/17,37.8,25.6,32.3875,0,0,65.75,1.375,0
2019/8/18,37.9,28.3,32.7875,0,0,58.25,1.625,0.1
2019/8/19,37.6,24.9,31.825,0,0,58.125,1.5,0
2019/8/20,37.6,27.3,31.8875,0,0,67.25,1.375,0
2019/8/21,37.5,26.8,31.2375,0,0,71.5,1.75,0.5
2019/8/22,34,26.5,30.025,0,0,71.625,2.625,0
2019/8/23,33.6,26.8,30.25,0,0,67.75,1.875,0
2019/8/24,36.3,27.1,31.6,0,0,60.5,1.375,0
2019/8/25,36.7,26.2,31.7125,0,0,56.875,2.375,0
2019/8/26,36,28.1,30.975,0,0,73.875,2.625,0
2019/8/27,34.3,26.5,30.3125,0,0,75.125,1.625,0
2019/8/28,30.8,24.4,27.1625,0,0,85.375,1.5,4
2019/8/29,35.3,24.8,29.2125,0,0,67.75,1.5,0
2019/8/30,34.1,23.1,28.925,0,0,53.25,2.125,0
2019/8/31,29.3,20.6,24.45,0,0,64.5,1.5,0.5
2019/9/1,25.7,20.2,22.8125,0,0,86.75,0.25,1.1
2019/9/2,30.6,20.7,25.5375,0,0,73.875,1.125,0.1
2019/9/3,30.6,22.4,26.3,0,0,63.75,1.75,0
2019/9/4,32.2,21.1,26.9125,0,0,62.875,2.25,0
2019/9/5,32,23.4,27.0625,0,0,66.25,1.375,0
2019/9/6,32.9,21,27.2375,0,0,66,1.375,0
2019/9/7,33.2,20.3,26.3625,0,0,69.25,1.375,0
2019/9/8,35,20.5,27.375,0,0,65.5,0.875,0
2019/9/9,35.3,22.4,29.1875,0,0,54.625,1.375,0
2019/9/10,35.7,26.1,30.8375,0,0,51.625,2.375,0
2019/9/11,35.8,25.8,30.2,0,0,64,1.375,0
2019/9/12,36.7,26.1,30.875,0,0,68.125,1.125,0
2019/9/13,37.2,27.1,31.725,0,0,62,2.25,0
2019/9/14,31.2,25.4,27.6375,0,0,60.625,3.125,0
2019/9/15,30,21.9,25.675,0,0,71.875,2.25,0
2019/9/16,25.3,21.3,23.175,0,0,72.625,2.625,0
2019/9/17,24.6,21,22.65,0,0,75.875,2.375,0
2019/9/18,22.6,19.4,21.025,0,0,87.875,2.625,0.5
2019/9/19,28.5,20.1,23.75,0,0,68.75,1.625,0
2019/9/20,28.5,17.2,22.4125,0,0,57,1.875,0
2019/9/21,29.3,15.3,22.9125,0,0,58.5,2.75,0
2019/9/22,30.7,16.6,22.775,0,0,54.625,2.375,0
2019/9/23,30.7,14.1,22.1375,0,0,65.875,1.25,0
2019/9/24,31,15.8,23.4,0,0,61.125,1.125,0
2019/9/25,30.7,19.6,23.8875,0,0,63.5,0.375,0
2019/9/26,31.1,17.4,23.3125,0,0,67.75,0.5,0
2019/9/27,31.7,16,22.9875,0,0,65.75,0.875,0
2019/9/28,32.4,15.1,22.9125,0,0,67.625,0.75,0
2019/9/29,33.4,16.1,23.7875,0,0,66.5,0.625,0
2019/9/30,34.1,16.2,24.5875,0,0,66.25,0.5,0
2019/10/1,33.6,17.8,25.05,0,0,61.125,0.5,0
2019/10/2,30.4,-0.8,20.0125,0,0,76.625,1,3
2019/10/3,34.3,20.2,26.1125,0,0,70,0.5,0
2019/10/4,35.3,20.5,27.6625,0,0,63.75,1.5,0
2019/10/5,22.6,16.8,19.8125,0,0,80.75,4.375,6
2019/10/6,18.7,3.8,15.5125,0,0,79.875,2.75,0
2019/10/7,20.4,14.7,16.9875,0,0,78.875,1.875,0
2019/10/8,21.4,16.8,18.6,0,0,75.5,2.25,0
2019/10/9,25.3,15.7,20.725,0,0,77,1.125,0
2019/10/10,22.7,3.1,18.475,0,0,77.125,1.625,0
2019/10/11,23.2,17.4,20.0375,0,0,84,1.125,8.6
2019/10/12,22,17.7,19.2,0,0,88.25,1.75,1.1
2019/10/13,22.8,17.5,20.075,0,0,85.125,2,0
2019/10/14,24.5,17.4,20.7125,0,0,72.125,3.375,0
2019/10/15,22.2,15.3,18.525,0,0,63.125,3.25,0
2019/10/16,16.8,12.3,13.775,0,0,90.125,2,10.6
2019/10/17,20,11.9,15.8,0,0,79.25,0.875,0.1
2019/10/18,22.9,11.1,16.3875,0,0,78.125,0.25,0
2019/10/19,25.4,10.2,17.275,0,0,78.375,0.5,0
2019/10/20,27.4,11.6,18.7125,0,0,78.5,0.375,0
2019/10/21,27.2,14.9,20.4625,0,0,75.125,0.5,0
2019/10/22,21.6,16.1,18.2875,0,0,79.625,1.5,5
2019/10/23,23.1,13.9,17.5875,0,0,81.875,0.375,2.1
2019/10/24,24.9,3.6,16.575,0,0,77,1.375,0
2019/10/25,18.3,12.6,15.075,0,0,72.25,2.75,2
2019/10/26,15.7,11.4,13.0625,0,0,73,0.875,0.1
2019/10/27,16,2.9,11.9125,0,0,78.375,0.875,0.2
2019/10/28,20.8,6.5,13.2875,0,0,83.75,0.625,0
2019/10/29,24.4,9.5,15.7625,0,0,77.5,0.625,0
2019/10/30,24.9,9,15.825,0,0,74,0.75,0
2019/10/31,26.3,9.1,16.35,0,0,73.625,0.625,0
2019/11/1,26.3,10.6,17.05,0,0,71.5,0.25,0
2019/11/2,24.9,14.3,19.025,0,0,68.5,0.625,0
2019/11/3,25.1,11,17.7375,0,0,68.25,1.375,0
2019/11/4,21.6,11.2,15.8125,0,0,76.375,2.125,0
2019/11/5,21.9,9.7,15.05,0,0,78.375,0.75,0
2019/11/6,21.4,12.5,16.85,0,0,71.875,1.125,0
2019/11/7,22.7,13.7,17.5875,0,0,60.375,2,0
2019/11/8,21.6,8.8,13.9375,0,0,75.75,0.625,0
2019/11/9,22.2,8.4,14.2125,0,0,75.375,0.5,0
2019/11/10,23.5,11.1,16.95,0,0,67,1.375,0
2019/11/11,24.4,8.6,16.575,0,0,70,0.75,0
2019/11/12,18.7,16.2,17.625,0,0,69.5,1.75,0.6
2019/11/13,19.7,8.6,14.95,0,0,75.875,2,5
2019/11/14,20.5,6.1,12.5375,0,0,71.125,1.125,0
2019/11/15,23,9.2,15.775,0,0,61.125,1.375,0
2019/11/16,24.4,11.7,18.1875,0,0,68.375,0.625,0
2019/11/17,16.4,10.3,14.45,0,0,87.375,3.625,8.2
2019/11/18,11.8,1.6,7.9125,0,0,67.875,2,2.3
2019/11/19,14.8,0.3,7.825,0,0,70.75,0.5,0
2019/11/20,17.2,9.2,12.2625,0,0,64,0.75,0
2019/11/21,15.9,10.7,13.025,0,0,75.125,0.375,0
2019/11/22,20.5,7,13.1375,0,0,78,0.625,0
2019/11/23,21.5,11.6,15.5625,0,0,80.375,0.625,0
2019/11/24,17.9,9,13.45,0,0,78,4.375,2
2019/11/25,7.1,3.1,4.375,0,0,88.375,4.375,9
2019/11/26,5.8,4.4,5.2125,0,0,93.75,1.875,6.3
2019/11/27,5.9,5.3,5.575,0,0,93,2.625,19.5
2019/11/28,8.5,5.4,6.9375,0,0,77.25,1.75,0
2019/11/29,9.4,4.4,7.3375,0,0,73.375,1.5,0.1
2019/11/30,6.8,5.1,5.875,0,0,93.125,1.625,5
2019/12/1,8.6,1.1,5.35,0,0,85.75,2,0
2019/12/2,12.3,-0.7,4.25,0,0,82.75,0.875,0
2019/12/3,14.3,-1.1,5.4875,0,0,77.5,0.375,0
2019/12/4,16.1,1.9,7.2625,0,0,75.25,0.625,0
2019/12/5,15.6,0,8.0625,0,0,59.375,1.5,0
2019/12/6,13,0.6,5.6375,0,0,72.75,0.75,0
2019/12/7,13.8,-0.2,5.3,0,0,78.875,0.5,0
2019/12/8,16.1,0.1,6.6875,0,0,78.25,0.75,0
2019/12/9,16.1,1.4,8.175,0,0,78.25,1,0
2019/12/10,16.6,2.1,7.8375,0,0,83,0.375,0
2019/12/11,18.8,1.4,8.1375,0,0,71.625,0.75,0
2019/12/12,17.9,2.8,8.9375,0,0,63.25,1.375,0
2019/12/13,18.3,2.5,8.75,0,0,77.375,0.25,0
2019/12/14,14.3,6.1,10.75,0,0,64.125,2.5,0
2019/12/15,15,8.4,11,0,0,68.25,1.875,0
2019/12/16,11.4,8,9.175,0,0,82.375,2.125,0
2019/12/17,8.9,6.5,7.9,0,0,83.25,1.5,1.8
2019/12/18,6.8,2.6,4.7125,0,0,88.25,2.625,50.1
2019/12/19,10,2.7,5.3375,0,0,80.375,1.125,3
2019/12/20,8.5,1.9,5.475,0,0,87.75,1.375,0
2019/12/21,8.8,5.5,6.7125,0,0,88.25,0.875,3.9
2019/12/22,10.3,1.1,6.8,0,0,81.375,1.375,3.1
2019/12/23,10.1,7.1,8.1875,0,0,78.25,2.125,0
2019/12/24,10.4,7.2,8.55,0,0,82.625,1.25,0
2019/12/25,7.9,6.7,7.471428571,0,0,92,2.571428571,9.2
2019/12/26,9.5,-0.2,5.7375,0,0,73.625,1.875,0.2
2019/12/27,11.6,-2.1,3.8375,0,0,75.25,0.75,0
2019/12/28,8.3,-0.7,5.15,0,0,82.875,1.375,1.2
2019/12/29,11.3,4.3,7.828571429,0,0,87.57142857,1.142857143,3.8
2019/12/30,11.6,3.9,7.325,0,0,82.625,3.25,0
2019/12/31,5.9,1.7,3.775,0,0,63.625,3,0
2020/1/1,6.7,3.4,5.1875,0,0,66.875,1.625,0
2020/1/2,5.8,4.2,5.025,0,0,86.5,1.375,0
2020/1/3,6.6,5.5,5.875,0,0,89,0.875,4.3
2020/1/4,8.2,5.6,7,0,0,91,0.75,1.4
2020/1/5,9.4,7.8,8.7625,0,0,96.375,1.25,1.7
2020/1/6,8.4,4.3,5.95,0,0,95.25,2.375,25.3
2020/1/7,7.7,2.8,4.7625,0,0,85.375,2.625,52.1
2020/1/8,5.3,-0.9,2.35,0,0,87.25,2.375,3.3
2020/1/9,2.4,0.9,1.85,0,0,96.75,1.75,114.8
2020/1/10,3.1,2.3,2.675,0,0,95.75,2,21.7
2020/1/11,6,-0.9,3.2875,0,0,89.5,1.125,0
2020/1/12,8.8,-3.1,1.675,0,0,87.625,1.5,0
2020/1/13,9.8,-1.8,4.2,0,0,79.125,1.375,0
2020/1/14,9.4,2.5,5.4125,0,0,68.125,2.375,0
2020/1/15,4.9,0.9,2.0625,0,0,88.375,2.125,27
2020/1/16,3.1,0.7,1.7125,0,0,85.125,1.875,2.2
2020/1/17,4.1,-2.2,1.475,0,0,83.5,0.875,0
2020/1/18,6.9,-3.2,2.4375,0,0,83,1,0
2020/1/19,10.5,-0.6,4.5125,0,0,80,1.125,0
2020/1/20,12.2,-1.5,5.15,0,0,76.25,1,0
2020/1/21,7.9,1.5,6.375,0,0,87,1.25,5.7
2020/1/22,6.7,5,5.9,0,0,92.875,1.875,39
2020/1/23,8.2,4.9,6.7875,0,0,89.875,1.5,1.8
2020/1/24,7.3,5.8,6.6625,0,0,93,2.75,17.6
2020/1/25,5.5,4.5,4.975,0,0,91.5,2.5,14.7
2020/1/26,4,2.4,3.3,0,0,87.625,3,10.8
2020/1/27,4.8,2.8,3.6375,0,0,82.75,1.875,0
2020/1/28,7.6,-1,3.35,0,0,80,0.875,0
2020/1/29,11.7,-2,4.3875,0,0,79,1.5,0
2020/1/30,13.4,-1.7,4.5375,0,0,76,1,0
2020/1/31,13.8,-1.6,4.7125,0,0,70.75,1,0
2020/2/1,13.9,0.6,8.525,0,0,65.375,1.375,0
2020/2/2,12,7.5,9.2625,0,0,75.125,0.875,0
2020/2/3,13.4,1.8,6.9125,0,0,78.875,1.25,0
2020/2/4,15.2,0,6.5375,0,0,78.25,0.75,0
2020/2/5,14.8,1.1,7.6125,0,0,74,1.75,0
2020/2/6,6.7,3.6,5.2625,0,0,92.875,3.375,55.6
2020/2/7,5.6,3.4,4.55,0,0,84.625,2,2
2020/2/8,9,3.2,5.8625,0,0,82.125,0.875,0
2020/2/9,13.2,-0.5,5.95,0,0,80.25,0.75,0
2020/2/10,10.6,4.7,8.6375,0,0,83.5,1.125,0.9
2020/2/11,11.6,8.5,9.975,0,0,87.625,1.125,0.3
2020/2/12,13.7,5,10.1625,0,0,87.5,0.625,0
2020/2/13,18.6,4.2,12.3875,0,0,88.875,1.25,0
2020/2/14,16,8.3,13.47142857,0,0,89.85714286,2.857142857,17.8
2020/2/15,8,0,2.625,0,0,91.375,4.25,92
2020/2/16,7.6,-1.1,2.1625,0,0,76,0.75,8.4
2020/2/17,11.8,-1.8,4.2125,0,0,70.5,0.875,0
2020/2/18,13,-1.8,6.375,0,0,67,1,0
2020/2/19,14.9,3.2,9.425,0,0,65.875,1,0
2020/2/20,17.4,1,8.875,0,0,71.25,1,0
2020/2/21,15.1,9.4,11.3,0,0,73.375,1.375,0.9
2020/2/22,17.2,3.2,10.6875,0,0,76.625,1.25,0
2020/2/23,20.1,10.9,14.95,0,0,59.875,1.875,0
2020/2/24,24,13.7,19.2,0,0,66.625,2.125,0
2020/2/25,22,12.1,17.15,0,0,78.25,2.125,5.3
2020/2/26,14.3,10.7,12.325,0,0,84.25,3,109
2020/2/27,11.3,7.9,10.05,0,0,87.375,2.375,0
2020/2/28,6.6,5.4,6.1625,0,0,95.25,1.625,18.4
2020/2/29,12.6,5,8.525,0,0,86.75,1.125,11
2020/3/1,13.5,4.1,9.275,0,0,78.875,2.5,0
2020/3/2,10.2,6.2,8.3375,0,0,78,2.5,2
2020/3/3,9.3,4.7,7.0125,0,0,86.875,0.5,1.9
2020/3/4,15.1,6.2,9.725,0,0,74.25,0.625,0
2020/3/5,16,4.8,10.6,0,0,73,1.375,0
2020/3/6,13.4,10.6,11.975,0,0,80.75,1,0
2020/3/7,19.3,10.9,14.2125,0,0,77,1.125,0
2020/3/8,18.4,13.6,15.325,0,0,84.625,1.875,21.6
2020/3/9,14,10,12.51428571,0,0,84.71428571,3.285714286,22.1
2020/3/10,17.1,4.3,10.3,0,0,76.125,1,3
2020/3/11,19.1,5.4,12.6,0,0,70.625,1,0
2020/3/12,16.5,8.3,11.9,0,0,83.75,0.5,0.4
2020/3/13,16.4,7.9,11.5375,0,0,78.625,3,0
2020/3/14,18.7,4.5,11.7125,0,0,67.875,1.125,0
2020/3/15,21.5,5.4,13.9625,0,0,64,0.75,0
2020/3/16,18.8,12.5,15.2125,0,0,65.5,1.375,0
2020/3/17,23,9,15.8375,0,0,67.625,1.25,0
2020/3/18,23.5,12,16.8125,0,0,68,1.625,0
2020/3/19,24.3,8.6,15.7875,0,0,69.25,1.25,0
2020/3/20,26.7,8.9,17.875,0,0,62.5,1.625,0
2020/3/21,23.2,14.2,19.8,0,0,74.125,2,2
2020/3/22,22.2,16.2,18.975,0,0,76.75,3,4
2020/3/23,23.3,13.1,17.8,0,0,75.625,1.25,0
2020/3/24,21.4,17.4,19.0625,0,0,75,1.75,0.1
2020/3/25,21.4,18,19.7125,0,0,87.875,2.25,4.5
2020/3/26,25.2,12.9,19.6375,0,0,85.5,2.625,24.8
2020/3/27,10.9,5.1,8.325,0,0,88.25,5.5,58.8
2020/3/28,10.7,4.3,7.4125,0,0,82.5,2.125,62.4
2020/3/29,8,6.6,7.3,0,0,91.625,2,98
2020/3/30,10.9,6.9,9.05,0,0,78.875,1.75,0.4
2020/3/31,11.5,5.5,9.1125,0,0,84.875,0.875,0
2020/4/1,16.3,4.3,11.4375,0,0,79.625,1.5,0
2020/4/2,16.8,10.6,13.7875,0,0,80.375,1.5,0
2020/4/3,17.8,11.8,14.2375,0,0,68.625,2,0
2020/4/4,19.9,8.7,14.5125,0,0,72.375,1.25,0
2020/4/5,20.2,12.4,15.9375,0,0,65.625,0.875,0
2020/4/6,21.9,12.3,16.35,0,0,63.625,1.125,0
2020/4/7,23.7,10.3,16.15,0,0,68.5,0.625,0
2020/4/8,24.7,9.5,16.5125,0,0,68.25,0.375,0
2020/4/9,26.4,9.8,18.1,0,0,67.125,1.125,0
2020/4/10,17.3,10.5,13.5875,0,0,80.375,3.625,17
2020/4/11,11.2,4.8,8.5125,0,0,83.375,3.375,20.8
2020/4/12,21.3,5.3,13.5125,0,0,68.875,1.625,0
2020/4/13,23.2,6.7,15.2375,0,0,63.25,1,0
2020/4/14,22.7,12.1,17.1,0,0,59.75,2.25,0
2020/4/15,26.3,10.3,18.6,0,0,65.25,1.875,0
2020/4/16,29.1,18.1,24.05,0,0,57.375,2,0
2020/4/17,24.2,19.5,22.55,0,0,43.5,2.75,0
2020/4/18,19.1,13.3,14.95,0,0,87.75,2,46
2020/4/19,20.2,12.2,15.05,0,0,79.75,2,31.3
2020/4/20,15.4,11.5,14.175,0,0,95,0.75,53
2020/4/21,16.7,10.5,14.3875,0,0,79.375,1.125,6.3
2020/4/22,22.1,12.6,16.9625,0,0,67.5,1,0
2020/4/23,21.8,13.9,17.05,0,0,67.875,0.875,0
2020/4/24,23.6,9.4,17.4875,0,0,64.125,1.625,0
2020/4/25,25.5,14.2,20.025,0,0,61.125,2,0
2020/4/26,27.1,11.9,20.3125,0,0,69.5,1.75,0
2020/4/27,27,13.8,21.05,0,0,60.25,2.5,0
2020/4/28,25.8,11.9,18.575,0,0,60.625,1.125,0
2020/4/29,31.1,12.9,22.7875,0,0,65.5,1.875,0
2020/4/30,29.3,21.1,24.05,0,0,69.375,1.5,9
2020/5/1,28.6,20.3,24.5625,0,0,77.375,1.875,7.5
2020/5/2,32.1,19.5,26.4,0,0,72.375,2.125,0
2020/5/3,33.2,23.3,27.5875,0,0,70.625,1.875,0
2020/5/4,35,21.7,28.4,0,0,71.875,1,0
2020/5/5,23.1,19.6,21.3125,0,0,82.25,2.875,52
2020/5/6,24.7,18.9,21.9625,0,0,79.875,1.625,0
2020/5/7,25.6,21.3,23.2,0,0,86,0.75,3
2020/5/8,22.4,19.6,21.2,0,0,88.125,1.875,182.5
2020/5/9,22.4,17.8,19.425,0,0,76.5,3.375,0.8
2020/5/10,25.6,16,20.1875,0,0,73.5,1.375,0.8
2020/5/11,27.5,14.7,20.5625,0,0,69.75,1.5,0
2020/5/12,28.4,13.1,20.9875,0,0,62.75,1.125,0
2020/5/13,27.7,16.8,23.35,0,0,63.25,1.5,0
2020/5/14,22,16.2,19.5125,0,0,92.25,0.875,191
2020/5/15,24.7,15.4,19.95,0,0,89.375,0.5,0
2020/5/16,28,17.1,23.1,0,0,84.25,1,0
2020/5/17,29.6,18.3,24.3625,0,0,83.875,1.375,0
2020/5/18,27.7,16.5,23.5,0,0,59.75,2.375,0
2020/5/19,30.1,13.7,22.6875,0,0,56.75,1.375,0
2020/5/20,26.7,19.6,23.3875,0,0,64.375,1.125,0.9
2020/5/21,24.1,20.3,22.075,0,0,77.375,1.625,2.7
2020/5/22,31.3,17.5,24.15,0,0,74.625,0.875,0
2020/5/23,32.6,20.2,25.8625,0,0,73.625,0.875,0
2020/5/24,31,20.2,25.9125,0,0,65.75,1.875,0.3
2020/5/25,21.3,19,20.075,0,0,88.875,1.25,36.8
2020/5/26,27.6,18.8,22.9375,0,0,82.28571429,0.571428571,5.9
2020/5/27,31.8,20.8,26.5,0,0,67.25,0.875,0
2020/5/28,29,21.9,25.3375,0,0,78.75,1.125,0
2020/5/29,23.6,20.2,22.1,0,0,89.375,1.375,15.6
2020/5/30,28.6,20.4,23.9125,0,0,81.5,0.875,0.1
2020/5/31,29.4,19.9,25.025,0,0,82.125,0.875,0
2020/6/1,32.2,20.5,26.61428571,0,0,74.57142857,0.714285714,0
2020/6/2,26,24.4,25.225,0,0,89.25,2.25,0.8
2020/6/3,30.5,21.8,26.3875,0,0,78.625,1.25,68.4
2020/6/4,30.8,23.6,26.9875,0,0,78.875,1,0
2020/6/5,32.2,24,27.875,0,0,77.75,1,0
2020/6/6,31.3,22.7,27.6,0,0,72.5,1.75,0
2020/6/7,31.4,25.2,27.975,0,0,70,2.375,0
2020/6/8,33.1,26.1,29.6375,0,0,66.625,2.625,0
2020/6/9,30.4,25,27.3875,0,0,85.875,2,114.3
2020/6/10,28.2,23.8,25.55,0,0,90.875,1.5,208.7
2020/6/11,30.3,25.1,27.2375,0,0,86.875,0.875,0
2020/6/12,32.4,25.2,28.4,0,0,84.25,1.75,52
2020/6/13,27.4,25.4,26.1875,0,0,95.5,0.75,366.9
2020/6/14,27.5,24.7,25.7875,0,0,96.25,0.875,129
2020/6/15,32.8,25.3,28.9875,0,0,85.875,1.375,0.1
2020/6/16,33.8,27.9,30.9125,0,0,74.75,2.25,1.4
2020/6/17,33.5,20.7,29.525,0,0,72.625,3.5,4
2020/6/18,24.5,20.4,21.8375,0,0,93.375,0.875,51
2020/6/19,26.6,22,24.3125,0,0,86.125,0.875,0.5
2020/6/20,23.2,21.7,22.3625,0,0,94.125,1.875,43.1
2020/6/21,22.8,21.1,21.95,0,0,97.25,1.625,148
2020/6/22,23,21.9,22.5625,0,0,99,1.125,83
2020/6/23,25.4,22.5,23.7375,0,0,93.375,0.875,102.2
2020/6/24,30.2,22.4,25.85,0,0,86.5,0.5,0
2020/6/25,32.5,22.6,27.2875,0,0,82.625,0.5,0
2020/6/26,32.4,22.7,27.5875,0,0,84.625,1.625,0
2020/6/27,30.9,25.4,28.175,0,0,87.625,1.875,0.4
2020/6/28,27.8,24.8,26.225,0,0,95.25,1.875,193.6
2020/6/29,28,23.2,24.9375,0,0,92.875,0.875,129.7
2020/6/30,32.4,21.8,27.525,0,0,84.25,0.625,0
2020/7/1,33.5,24.8,29.05,0,0,78.25,1.375,0
2020/7/2,27.4,22.8,24.5,0,0,93.125,2,201
2020/7/3,30.1,23,26.1875,0,0,85.375,0.75,22.1
2020/7/4,25.5,22.4,23.8125,0,0,96.375,1.25,140
2020/7/5,27.8,24.4,25.6375,0,0,96.875,1,410
2020/7/6,28.9,22.7,25.1125,0,0,93.875,1,368
2020/7/7,25.6,21.4,23.0875,0,0,96.75,2.75,258.4
2020/7/8,28.9,22.6,25.5,0,0,92.625,1.875,27.5
2020/7/9,31.9,24.9,27.4375,0,0,86.875,0.5,0.4
2020/7/10,32.3,24.5,27.775,0,0,1.875,11,11
2020/7/11,26.3,25.9,26.16666667,0,0,2.666666667,22,22
2020/7/12,39,-9,17.33213718,0,0,1.689956001,10166.1,
