{"title": {"text": "", "subtext": ""}, "tooltip": {"trigger": "axis"}, "legend": {"left": "right", "data": ["\u6700\u9ad8\u6c14\u6e29", "\u6700\u4f4e\u6c14\u6e29"]}, "toolbox": {"show": false, "feature": {"dataZoom": {"yAxisIndex": "none"}, "dataView": {"readOnly": false}, "magicType": {"type": ["line", "bar"]}, "restore": {}, "saveAsImage": {}}}, "xAxis": {"type": "category", "boundaryGap": false, "data": ["2020/7/14", "2020/7/15", "2020/7/16", "2020/7/17", "2020/7/18", "2020/7/19", "2020/7/20", "2020/7/21"]}, "yAxis": {"type": "value"}, "series": [{"name": "\u6700\u9ad8\u6c14\u6e29", "type": "line", "data": [28.29992071, 28.38800157, 28.06381152, 26.6825691, 25.17174985, 25.21202062, 25.30241435, 23.15998191], "markPoint": {"data": [{"type": "max", "name": "\u6700\u5927\u503c"}, {"type": "min", "name": "\u6700\u5c0f\u503c"}]}, "markLine": {"data": [{"type": "average", "name": "\u5e73\u5747\u503c"}]}}, {"name": "\u6700\u4f4e\u6c14\u6e29", "type": "line", "data": [13.21388216, 14.03339818, 15.96070699, 14.63402016, 14.01184767, 13.30110814, 10.21055707, 13.89668504], "markPoint": {"data": [{"name": "\u5468\u6700\u4f4e", "value": -2, "xAxis": 1, "yAxis": -1.5}]}, "markLine": {"data": [{"type": "average", "name": "\u5e73\u5747\u503c"}, [{"symbol": "none", "x": "90%", "yAxis": "max"}, {"symbol": "circle", "label": {"normal": {"position": "start", "formatter": "\u6700\u5927\u503c"}}, "type": "max", "name": "\u6700\u9ad8\u70b9"}]]}}]}