{"title": {"text": "", "subtext": ""}, "tooltip": {"trigger": "axis"}, "legend": {"left": "right", "data": ["\u5e73\u5747\u6c14\u6e29"]}, "toolbox": {"show": false, "feature": {"dataZoom": {"yAxisIndex": "none"}, "dataView": {"readOnly": false}, "magicType": {"type": ["line", "bar"]}, "restore": {}, "saveAsImage": {}}}, "xAxis": {"type": "category", "boundaryGap": false, "data": ["2020/7/14", "2020/7/15", "2020/7/16", "2020/7/17", "2020/7/18", "2020/7/19", "2020/7/20", "2020/7/21"]}, "yAxis": {"type": "value"}, "series": [{"name": "\u5e73\u5747\u6e29\u5ea6", "type": "line", "data": [20.15711144, 20.59794176, 22.16466965, 19.91699809, 18.49439705, 18.75734759, 19.45548722, 18.6867077], "markPoint": {"data": [{"type": "max", "name": "\u6700\u5927\u503c"}, {"type": "min", "name": "\u6700\u5c0f\u503c"}]}, "markLine": {"data": [{"type": "average", "name": "\u5e73\u5747\u503c"}]}}]}