{"title": {"text": "", "subtext": ""}, "tooltip": {"trigger": "axis"}, "legend": {"left": "right", "data": ["\u6700\u9ad8\u6c14\u6e29", "\u6700\u4f4e\u6c14\u6e29"]}, "toolbox": {"show": false, "feature": {"dataZoom": {"yAxisIndex": "none"}, "dataView": {"readOnly": false}, "magicType": {"type": ["line", "bar"]}, "restore": {}, "saveAsImage": {}}}, "xAxis": {"type": "category", "boundaryGap": false, "data": ["2020/7/14", "2020/7/15", "2020/7/16", "2020/7/17", "2020/7/18", "2020/7/19", "2020/7/20", "2020/7/21"]}, "yAxis": {"type": "value"}, "series": [{"name": "\u6700\u9ad8\u6c14\u6e29", "type": "line", "data": [29.96644042, 31.31475748, 31.47481134, 31.73175421, 30.99506218, 28.92442305, 29.40478061, 28.83372794], "markPoint": {"data": [{"type": "max", "name": "\u6700\u5927\u503c"}, {"type": "min", "name": "\u6700\u5c0f\u503c"}]}, "markLine": {"data": [{"type": "average", "name": "\u5e73\u5747\u503c"}]}}, {"name": "\u6700\u4f4e\u6c14\u6e29", "type": "line", "data": [19.77466575, 20.33539337, 21.63437304, 20.26763125, 20.87005261, 20.29085136, 20.00648332, 20.85317309], "markPoint": {"data": [{"name": "\u5468\u6700\u4f4e", "value": -2, "xAxis": 1, "yAxis": -1.5}]}, "markLine": {"data": [{"type": "average", "name": "\u5e73\u5747\u503c"}, [{"symbol": "none", "x": "90%", "yAxis": "max"}, {"symbol": "circle", "label": {"normal": {"position": "start", "formatter": "\u6700\u5927\u503c"}}, "type": "max", "name": "\u6700\u9ad8\u70b9"}]]}}]}